name,capital,universe_mode,risk_profile,rank_mode,max_assets,rebalance_freq,risk_gate_passes,small_account_minimum_gate_passes,small_account_executable_gate_passes,long_history_research_gate_passes,sharpe_ratio,annual_return,annual_volatility,max_drawdown,win_rate,total_return,final_nav,avg_holdings,avg_risky_exposure,avg_cash_weight,avg_target_budget,max_target_budget,zero_budget_rebalances,total_fees,fees_pct_initial_capital,orders,avg_oos_sharpe,min_oos_sharpe
v36_regime_core_long_aggressive_risk_adjusted_200000_1asset_20d,200000.0,core_long,aggressive,risk_adjusted,1,20,True,False,True,False,0.4219,0.0576,0.0772,-0.1351,0.2835,0.9667,393341.31,0.53,0.1564,0.8436,0.1579,0.9363,73,4368.29,0.0218,119,0.355,-0.9268
v36_regime_core_long_aggressive_risk_adjusted_100000_1asset_20d,100000.0,core_long,aggressive,risk_adjusted,1,20,True,False,True,False,0.421,0.0575,0.0772,-0.1351,0.2832,0.9644,196444.33,0.53,0.1561,0.8439,0.1579,0.9363,73,2268.87,0.0227,116,0.3545,-0.9262
v36_regime_core_long_aggressive_risk_adjusted_50000_1asset_20d,50000.0,core_long,aggressive,risk_adjusted,1,20,True,False,True,False,0.4208,0.0572,0.0766,-0.1287,0.2828,0.959,97949.27,0.53,0.1552,0.8448,0.1579,0.9363,73,1313.83,0.0263,117,0.3527,-0.9358
v36_regime_expanded_recent_aggressive_trend_50000_1asset_20d,50000.0,expanded_recent,aggressive,trend,1,20,True,False,True,False,0.2886,0.0473,0.0773,-0.1198,0.426,0.7312,86561.82,0.8,0.1757,0.8243,0.1778,0.7054,31,1430.58,0.0286,160,-0.4879,-1.5792
v36_regime_expanded_recent_aggressive_trend_200000_1asset_20d,200000.0,expanded_recent,aggressive,trend,1,20,True,False,True,False,0.2871,0.0474,0.0779,-0.1216,0.4273,0.7316,346319.78,0.8,0.1788,0.8212,0.1795,0.7054,31,4323.12,0.0216,167,-0.4877,-1.5628
v36_regime_core_long_aggressive_trend_200000_1asset_20d,200000.0,core_long,aggressive,trend,1,20,True,False,True,False,0.2863,0.0472,0.0776,-0.1213,0.4279,0.7291,345818.69,0.8,0.1755,0.8245,0.1764,0.7054,32,4049.91,0.0202,160,-0.4234,-1.4668
v36_regime_expanded_recent_aggressive_trend_100000_1asset_20d,100000.0,expanded_recent,aggressive,trend,1,20,True,False,True,False,0.2849,0.0472,0.0778,-0.1214,0.4263,0.7276,172758.82,0.8,0.1783,0.8217,0.1795,0.7054,31,2336.48,0.0234,165,-0.4947,-1.5681
v36_regime_core_long_aggressive_trend_100000_1asset_20d,100000.0,core_long,aggressive,trend,1,20,True,False,True,False,0.2826,0.0469,0.0775,-0.1215,0.427,0.7225,172250.4,0.8,0.175,0.825,0.1764,0.7054,32,2210.7,0.0221,158,-0.4305,-1.4719
v36_regime_expanded_recent_balanced_trend_200000_1asset_20d,200000.0,expanded_recent,balanced,trend,1,20,True,False,True,False,0.2432,0.0381,0.0538,-0.0755,0.3603,0.5744,314884.59,0.68,0.1356,0.8644,0.1356,0.6058,50,3170.11,0.0159,149,-1.4781,-3.6731
v36_regime_core_long_balanced_trend_50000_1asset_20d,50000.0,core_long,balanced,trend,1,20,True,False,True,False,0.2424,0.038,0.0534,-0.074,0.3728,0.5722,78609.21,0.7,0.1353,0.8647,0.1369,0.6058,47,1123.69,0.0225,144,-1.7807,-5.0776
v36_regime_core_long_aggressive_trend_50000_1asset_20d,50000.0,core_long,aggressive,trend,1,20,True,False,True,False,0.2331,0.0428,0.0764,-0.1192,0.4266,0.6389,81946.39,0.8,0.171,0.829,0.1733,0.7054,32,1351.61,0.027,151,-0.4979,-1.4979
v36_regime_expanded_recent_aggressive_risk_adjusted_200000_1asset_20d,200000.0,expanded_recent,aggressive,risk_adjusted,1,20,True,False,True,False,0.2101,0.0413,0.0778,-0.1351,0.2995,0.6074,321472.26,0.56,0.1647,0.8353,0.1667,0.7054,67,5192.04,0.026,135,-0.0354,-0.8545
v36_regime_core_long_balanced_risk_adjusted_50000_1asset_20d,50000.0,core_long,balanced,risk_adjusted,1,20,True,False,True,False,0.2099,0.0349,0.047,-0.0809,0.2726,0.5191,75955.88,0.51,0.0944,0.9056,0.0965,0.5686,76,891.42,0.0178,109,0.1058,-1.3105
v36_regime_expanded_recent_aggressive_risk_adjusted_100000_1asset_20d,100000.0,expanded_recent,aggressive,risk_adjusted,1,20,True,False,True,False,0.2093,0.0413,0.0777,-0.1351,0.2992,0.6058,160580.74,0.56,0.1638,0.8362,0.1667,0.7054,67,2664.76,0.0266,133,-0.0358,-0.8553
v36_regime_expanded_recent_aggressive_risk_adjusted_50000_1asset_20d,50000.0,expanded_recent,aggressive,risk_adjusted,1,20,True,False,True,False,0.2074,0.041,0.0771,-0.1287,0.2947,0.6015,80077.47,0.56,0.1611,0.8389,0.1667,0.7054,67,1494.43,0.0299,132,-0.0403,-0.867
v36_regime_core_long_aggressive_risk_adjusted_200000_2asset_20d,200000.0,core_long,aggressive,risk_adjusted,2,20,True,False,True,False,0.1949,0.0381,0.067,-0.1212,0.2876,0.5582,311636.45,0.78,0.1305,0.8695,0.1308,0.7999,73,3255.25,0.0163,173,-0.7472,-2.3748
v36_regime_core_long_aggressive_risk_adjusted_100000_2asset_20d,100000.0,core_long,aggressive,risk_adjusted,2,20,True,False,True,False,0.1906,0.0376,0.066,-0.1207,0.2867,0.5504,155039.5,0.78,0.1282,0.8718,0.129,0.7999,73,1858.2,0.0186,174,-0.8606,-2.3889
v36_regime_core_long_balanced_trend_200000_1asset_20d,200000.0,core_long,balanced,trend,1,20,True,False,True,False,0.1868,0.035,0.0535,-0.0799,0.3735,0.5156,303125.96,0.7,0.1364,0.8636,0.1369,0.6058,47,3165.84,0.0158,151,-1.2274,-2.4375
v36_regime_core_long_aggressive_risk_adjusted_50000_2asset_20d,50000.0,core_long,aggressive,risk_adjusted,2,20,True,False,True,False,0.1841,0.0371,0.0656,-0.1168,0.2873,0.5414,77067.75,0.78,0.1272,0.8728,0.129,0.7999,73,1279.15,0.0256,170,-0.9004,-2.4525
v36_regime_core_long_balanced_risk_adjusted_200000_1asset_20d,200000.0,core_long,balanced,risk_adjusted,1,20,True,False,True,False,0.184,0.0336,0.0468,-0.087,0.2735,0.4961,299224.64,0.51,0.0934,0.9066,0.0933,0.5686,76,2383.66,0.0119,116,0.0519,-1.2817
v36_regime_expanded_recent_balanced_trend_50000_1asset_20d,50000.0,expanded_recent,balanced,trend,1,20,True,False,True,False,0.1796,0.0346,0.0532,-0.0755,0.3597,0.5076,75379.4,0.68,0.1331,0.8669,0.1343,0.6058,50,1127.6,0.0226,143,-1.5842,-3.7203
v36_regime_expanded_recent_balanced_trend_100000_1asset_20d,100000.0,expanded_recent,balanced,trend,1,20,True,False,True,False,0.1793,0.0346,0.0533,-0.0755,0.3603,0.5076,150758.46,0.68,0.1328,0.8672,0.1333,0.6058,50,1742.54,0.0174,147,-1.567,-3.7038
v36_regime_core_long_balanced_trend_100000_1asset_20d,100000.0,core_long,balanced,trend,1,20,True,False,True,False,0.1732,0.0342,0.0534,-0.08,0.3735,0.5016,150159.93,0.7,0.1351,0.8649,0.1359,0.6058,47,1753.97,0.0175,148,-1.237,-2.4568
v36_regime_expanded_recent_balanced_trend_200000_2asset_20d,200000.0,expanded_recent,balanced,trend,2,20,True,False,True,False,0.1271,0.0316,0.0516,-0.0733,0.3581,0.454,290809.69,1.15,0.145,0.855,0.1457,0.6149,52,3434.11,0.0172,246,-2.293,-4.2493
v36_regime_expanded_recent_balanced_trend_100000_2asset_20d,100000.0,expanded_recent,balanced,trend,2,20,True,False,True,False,0.1213,0.0312,0.0513,-0.0737,0.3645,0.4484,144839.65,1.16,0.1449,0.8551,0.1465,0.6149,50,2108.95,0.0211,244,-2.293,-4.2775
v36_regime_core_long_balanced_trend_200000_2asset_20d,200000.0,core_long,balanced,trend,2,20,True,False,True,False,0.1191,0.0311,0.0511,-0.0705,0.3674,0.4462,289237.07,1.14,0.1465,0.8535,0.1472,0.6149,50,3387.93,0.0169,241,-2.2362,-4.7896
v36_regime_core_long_balanced_trend_100000_2asset_20d,100000.0,core_long,balanced,trend,2,20,True,False,True,False,0.1141,0.0308,0.0509,-0.0698,0.3677,0.4413,144134.07,1.14,0.1457,0.8543,0.1472,0.6149,50,2059.43,0.0206,236,-2.271,-4.8658
v36_regime_core_long_balanced_risk_adjusted_200000_2asset_20d,200000.0,core_long,balanced,risk_adjusted,2,20,True,False,True,False,0.0983,0.0294,0.0445,-0.0794,0.2777,0.4214,284281.41,0.76,0.1034,0.8966,0.1045,0.5,76,2647.09,0.0132,173,-0.1476,-1.4103
v36_regime_expanded_recent_aggressive_risk_adjusted_200000_2asset_20d,200000.0,expanded_recent,aggressive,risk_adjusted,2,20,True,False,True,False,0.0457,0.0275,0.0558,-0.1212,0.304,0.3799,275970.62,0.88,0.1167,0.8833,0.1183,0.6834,67,3083.48,0.0154,207,-1.1239,-1.9888
v36_regime_core_long_aggressive_trend_200000_2asset_20d,200000.0,core_long,aggressive,trend,2,20,True,False,True,False,0.0422,0.0275,0.0592,-0.1221,0.288,0.3756,275128.17,0.88,0.1233,0.8767,0.122,0.95,74,2846.23,0.0142,182,-1.0603,-4.1697
v36_regime_expanded_recent_aggressive_risk_adjusted_100000_2asset_20d,100000.0,expanded_recent,aggressive,risk_adjusted,2,20,True,False,True,False,0.0406,0.0273,0.0556,-0.1207,0.296,0.3751,137507.27,0.83,0.1141,0.8859,0.1183,0.6834,67,1809.73,0.0181,197,-1.1393,-2.0102
v36_regime_core_long_aggressive_trend_100000_2asset_20d,100000.0,core_long,aggressive,trend,2,20,True,False,True,False,0.039,0.0273,0.0589,-0.1224,0.287,0.3725,137254.14,0.88,0.1227,0.8773,0.122,0.95,74,1710.56,0.0171,177,-1.0701,-4.2033
v36_regime_expanded_recent_aggressive_trend_200000_2asset_20d,200000.0,expanded_recent,aggressive,trend,2,20,True,False,True,False,0.0368,0.0272,0.0592,-0.1256,0.2864,0.3702,274036.1,0.88,0.1231,0.8769,0.1218,0.95,74,2873.7,0.0144,184,-1.0856,-4.1725
v36_regime_expanded_recent_aggressive_trend_100000_2asset_20d,100000.0,expanded_recent,aggressive,trend,2,20,True,False,True,False,0.0333,0.027,0.0589,-0.1261,0.2854,0.3668,136677.14,0.88,0.1226,0.8774,0.1218,0.95,74,1733.76,0.0173,180,-1.0934,-4.1967
v36_regime_expanded_recent_aggressive_risk_adjusted_50000_2asset_20d,50000.0,expanded_recent,aggressive,risk_adjusted,2,20,True,False,True,False,0.0324,0.0268,0.0552,-0.1168,0.2889,0.3675,68375.89,0.8,0.1099,0.8901,0.1183,0.6834,67,1282.01,0.0256,185,-1.1789,-2.041
v36_regime_core_long_balanced_risk_adjusted_100000_1asset_20d,100000.0,core_long,balanced,risk_adjusted,1,20,True,False,True,False,0.0212,0.0259,0.0425,-0.0922,0.2479,0.363,136298.71,0.46,0.0684,0.9316,0.0689,0.4284,83,1010.89,0.0101,104,-1.8174,-4.8059
v36_regime_core_long_aggressive_trend_50000_2asset_20d,50000.0,core_long,aggressive,trend,2,20,True,False,True,False,0.0208,0.0262,0.0575,-0.1295,0.287,0.3553,67764.58,0.88,0.1197,0.8803,0.1201,0.6834,74,1207.52,0.0242,173,-1.0797,-4.2174
v36_regime_expanded_recent_aggressive_trend_50000_2asset_20d,50000.0,expanded_recent,aggressive,trend,2,20,True,False,True,False,0.0154,0.0259,0.0575,-0.1329,0.2857,0.3501,67505.44,0.88,0.1195,0.8805,0.1199,0.6834,74,1221.26,0.0244,175,-1.1026,-4.2088
v36_regime_core_long_defensive_trend_200000_1asset_40d,200000.0,core_long,defensive,trend,1,40,True,False,True,False,0.0086,0.0253,0.035,-0.0718,0.3696,0.3577,271548.08,0.68,0.0928,0.9072,0.0933,0.3554,24,1352.42,0.0068,82,-0.7841,-1.8812
v36_regime_core_long_defensive_trend_100000_1asset_40d,100000.0,core_long,defensive,trend,1,40,True,False,True,False,0.0072,0.0253,0.0348,-0.071,0.3696,0.357,135704.2,0.68,0.0922,0.9078,0.0933,0.3554,24,785.9,0.0079,81,-0.7889,-1.8997
v36_regime_core_long_balanced_trend_50000_2asset_20d,50000.0,core_long,balanced,trend,2,20,True,False,True,False,-0.0006,0.025,0.0448,-0.0889,0.3661,0.3457,67286.67,1.14,0.1319,0.8681,0.133,0.6149,50,1479.23,0.0296,223,-2.537,-4.8762
v36_regime_expanded_recent_balanced_risk_adjusted_50000_1asset_20d,50000.0,expanded_recent,balanced,risk_adjusted,1,20,True,False,True,False,-0.002,0.0249,0.047,-0.0809,0.2793,0.3429,67145.45,0.53,0.0982,0.9018,0.1023,0.5,70,1014.35,0.0203,123,-0.2619,-1.1588
v36_regime_core_long_defensive_trend_200000_1asset_20d,200000.0,core_long,defensive,trend,1,20,True,False,True,False,-0.008,0.0247,0.0327,-0.0483,0.3619,0.3496,269928.35,0.67,0.088,0.912,0.0882,0.3554,51,1892.05,0.0095,141,-0.6023,-1.7899
v36_regime_expanded_recent_balanced_trend_50000_2asset_20d,50000.0,expanded_recent,balanced,trend,2,20,True,False,True,False,-0.0081,0.0246,0.049,-0.0879,0.3642,0.3363,66814.84,1.15,0.1354,0.8646,0.1376,0.6149,50,1554.06,0.0311,234,-2.5597,-4.3025
v36_regime_core_long_defensive_trend_50000_1asset_40d,50000.0,core_long,defensive,trend,1,40,True,False,True,False,-0.0144,0.0245,0.0344,-0.0713,0.3696,0.3448,67239.19,0.68,0.091,0.909,0.0933,0.3554,24,579.01,0.0116,81,-0.8158,-1.9562
v36_regime_core_long_defensive_trend_100000_1asset_20d,100000.0,core_long,defensive,trend,1,20,True,False,True,False,-0.0157,0.0245,0.0325,-0.048,0.3616,0.3456,134559.09,0.67,0.0875,0.9125,0.0882,0.3554,51,1184.01,0.0118,140,-0.611,-1.8032
v36_regime_expanded_recent_defensive_trend_200000_1asset_40d,200000.0,expanded_recent,defensive,trend,1,40,True,False,True,False,-0.0279,0.024,0.0354,-0.0718,0.3857,0.3361,267221.8,0.72,0.0916,0.9084,0.0903,0.3554,22,1362.3,0.0068,87,-0.8447,-1.5171
v36_regime_core_long_defensive_trend_50000_1asset_20d,50000.0,core_long,defensive,trend,1,20,True,False,True,False,-0.03,0.024,0.0322,-0.0474,0.3619,0.3381,66907.43,0.67,0.0866,0.9134,0.0882,0.3554,51,908.87,0.0182,136,-0.6308,-1.8567
v36_regime_expanded_recent_defensive_trend_200000_1asset_20d,200000.0,expanded_recent,defensive,trend,1,20,True,False,True,False,-0.0304,0.024,0.033,-0.0483,0.3693,0.3371,267427.28,0.69,0.0872,0.9128,0.0872,0.3554,48,1956.32,0.0098,146,-0.5619,-1.3998
v36_regime_expanded_recent_defensive_trend_100000_1asset_40d,100000.0,expanded_recent,defensive,trend,1,40,True,False,True,False,-0.0317,0.0239,0.0353,-0.071,0.3857,0.334,133396.5,0.72,0.0912,0.9088,0.0903,0.3554,22,802.9,0.008,85,-0.8505,-1.5249
v36_regime_expanded_recent_defensive_trend_100000_1asset_20d,100000.0,expanded_recent,defensive,trend,1,20,True,False,True,False,-0.0381,0.0237,0.0328,-0.048,0.369,0.3331,133311.8,0.69,0.0868,0.9132,0.0872,0.3554,48,1219.5,0.0122,144,-0.5688,-1.4071
v36_regime_expanded_recent_defensive_trend_50000_1asset_20d,50000.0,expanded_recent,defensive,trend,1,20,True,False,True,False,-0.0517,0.0233,0.0326,-0.0474,0.369,0.3261,66306.95,0.69,0.0859,0.9141,0.0872,0.3554,48,942.25,0.0188,141,-0.5849,-1.4385
v36_regime_core_long_balanced_trend_200000_1asset_40d,200000.0,core_long,balanced,trend,1,40,True,False,True,False,-0.055,0.0223,0.0492,-0.12,0.3267,0.2985,259697.73,0.6,0.0804,0.9196,0.081,0.4252,30,1326.47,0.0066,77,-2.05,-4.3142
v36_regime_core_long_balanced_risk_adjusted_100000_1asset_40d,100000.0,core_long,balanced,risk_adjusted,1,40,True,False,True,False,-0.0575,0.0224,0.0449,-0.12,0.2406,0.3036,130364.42,0.45,0.0586,0.9414,0.0583,0.4252,42,551.58,0.0055,58,-3.537,-9.2752
v36_regime_core_long_balanced_trend_100000_1asset_40d,100000.0,core_long,balanced,trend,1,40,True,False,True,False,-0.0588,0.0221,0.0488,-0.1194,0.3267,0.2961,129605.93,0.6,0.0799,0.9201,0.081,0.4252,30,790.07,0.0079,77,-2.0752,-4.3965
v36_regime_core_long_balanced_risk_adjusted_200000_1asset_40d,200000.0,core_long,balanced,risk_adjusted,1,40,True,False,True,False,-0.0633,0.0221,0.046,-0.1199,0.2406,0.2975,259506.61,0.45,0.0624,0.9376,0.0617,0.4252,42,971.49,0.0049,58,-3.2089,-8.9707
v36_regime_expanded_recent_balanced_trend_200000_1asset_40d,200000.0,expanded_recent,balanced,trend,1,40,True,False,True,False,-0.0637,0.0219,0.0491,-0.12,0.3165,0.2917,258347.84,0.59,0.0789,0.9211,0.0794,0.4252,31,1313.56,0.0066,76,-1.9081,-3.3662
v36_regime_expanded_recent_defensive_trend_50000_1asset_40d,50000.0,expanded_recent,defensive,trend,1,40,True,False,True,False,-0.0644,0.0228,0.0349,-0.0713,0.3857,0.3156,65782.25,0.72,0.0901,0.9099,0.0919,0.3554,21,606.25,0.0121,86,-0.8682,-1.5538
v36_regime_core_long_balanced_trend_50000_1asset_40d,50000.0,core_long,balanced,trend,1,40,True,False,True,False,-0.0653,0.0218,0.0486,-0.1183,0.3261,0.2913,64566.97,0.6,0.0793,0.9207,0.081,0.4252,30,549.33,0.011,76,-2.1353,-4.5114
v36_regime_core_long_balanced_risk_adjusted_50000_1asset_40d,50000.0,core_long,balanced,risk_adjusted,1,40,True,False,True,False,-0.0657,0.0221,0.0445,-0.1189,0.2399,0.2985,64922.73,0.45,0.0579,0.9421,0.0583,0.4252,42,404.37,0.0081,58,-3.6445,-9.6713
v36_regime_expanded_recent_balanced_trend_100000_1asset_40d,100000.0,expanded_recent,balanced,trend,1,40,True,False,True,False,-0.0673,0.0217,0.0489,-0.1194,0.3165,0.2893,128925.49,0.59,0.0785,0.9215,0.0794,0.4252,31,781.71,0.0078,76,-1.9172,-3.3905
v36_regime_expanded_recent_balanced_trend_50000_1asset_40d,50000.0,expanded_recent,balanced,trend,1,40,True,False,True,False,-0.0736,0.0214,0.0487,-0.1183,0.3158,0.2848,64237.7,0.59,0.0779,0.9221,0.0794,0.4252,31,542.7,0.0109,75,-1.9661,-3.4656
v36_regime_core_long_defensive_risk_adjusted_200000_1asset_20d,200000.0,core_long,defensive,risk_adjusted,1,20,True,False,True,False,-0.0929,0.0221,0.0315,-0.0552,0.2258,0.3065,261291.21,0.42,0.0668,0.9332,0.0677,0.3554,90,1564.29,0.0078,96,-1.8993,-8.1026
v36_regime_core_long_balanced_risk_adjusted_100000_2asset_20d,100000.0,core_long,balanced,risk_adjusted,2,20,True,False,True,False,-0.0955,0.0213,0.0391,-0.0949,0.2482,0.2892,128918.6,0.71,0.0718,0.9282,0.0737,0.4858,84,1276.2,0.0128,160,-2.3512,-4.9913
v36_regime_core_long_defensive_risk_adjusted_100000_1asset_20d,100000.0,core_long,defensive,risk_adjusted,1,20,True,False,True,False,-0.0983,0.0219,0.0314,-0.055,0.2258,0.3039,130393.57,0.42,0.0665,0.9335,0.0677,0.3554,90,918.83,0.0092,96,-1.9264,-8.1844
v36_regime_core_long_balanced_risk_adjusted_50000_2asset_20d,50000.0,core_long,balanced,risk_adjusted,2,20,True,False,True,False,-0.109,0.0208,0.0386,-0.0926,0.2486,0.2819,64095.79,0.71,0.0705,0.9295,0.0737,0.4858,84,1002.11,0.02,157,-2.4906,-5.1589
v36_regime_core_long_defensive_risk_adjusted_50000_1asset_20d,50000.0,core_long,defensive,risk_adjusted,1,20,True,False,True,False,-0.114,0.0214,0.0312,-0.0555,0.2255,0.2965,64823.38,0.42,0.0657,0.9343,0.0677,0.3554,90,666.42,0.0133,94,-1.977,-8.3375
v36_regime_expanded_recent_balanced_trend_200000_2asset_40d,200000.0,expanded_recent,balanced,trend,2,40,True,False,True,False,-0.1225,0.0201,0.04,-0.1192,0.3232,0.2701,254021.91,1.06,0.084,0.916,0.0833,0.415,31,1249.79,0.0062,128,-2.5385,-4.588
v36_regime_core_long_balanced_trend_200000_2asset_40d,200000.0,core_long,balanced,trend,2,40,True,False,True,False,-0.1274,0.0192,0.0459,-0.1192,0.3258,0.2514,250273.38,1.04,0.0924,0.9076,0.0914,0.4858,31,1325.22,0.0066,124,-2.6477,-4.2782
v36_regime_expanded_recent_balanced_trend_100000_2asset_40d,100000.0,expanded_recent,balanced,trend,2,40,True,False,True,False,-0.1324,0.0197,0.0398,-0.1188,0.3232,0.2645,126445.65,1.06,0.0833,0.9167,0.0833,0.415,31,891.75,0.0089,126,-2.5865,-4.6518
v36_regime_core_long_balanced_trend_100000_2asset_40d,100000.0,core_long,balanced,trend,2,40,True,False,True,False,-0.135,0.0188,0.0456,-0.1188,0.3254,0.2467,124671.38,1.04,0.0917,0.9083,0.0914,0.4858,31,908.02,0.0091,122,-2.7176,-4.3716
v36_regime_core_long_balanced_trend_50000_2asset_40d,50000.0,core_long,balanced,trend,2,40,True,False,True,False,-0.1376,0.0189,0.0443,-0.1166,0.3245,0.2487,62433.66,1.04,0.0874,0.9126,0.0886,0.4858,31,728.94,0.0146,119,-2.874,-4.5741
v36_regime_expanded_recent_balanced_trend_50000_2asset_40d,50000.0,expanded_recent,balanced,trend,2,40,True,False,True,False,-0.1444,0.0193,0.0393,-0.1166,0.3222,0.2585,62924.52,1.06,0.0819,0.9181,0.0833,0.415,31,741.78,0.0148,123,-2.7181,-4.8637
v36_regime_core_long_balanced_risk_adjusted_200000_2asset_40d,200000.0,core_long,balanced,risk_adjusted,2,40,True,False,True,False,-0.1529,0.0186,0.0418,-0.1195,0.2514,0.2456,249120.18,0.68,0.0619,0.9381,0.0625,0.4858,42,959.42,0.0048,87,-3.8316,-8.8247
v36_regime_core_long_balanced_risk_adjusted_100000_2asset_40d,100000.0,core_long,balanced,risk_adjusted,2,40,True,False,True,False,-0.1575,0.0184,0.0417,-0.1189,0.2511,0.2429,124291.16,0.68,0.0616,0.9384,0.0625,0.4858,42,648.34,0.0065,85,-3.8973,-8.8912
v36_regime_core_long_defensive_trend_200000_2asset_40d,200000.0,core_long,defensive,trend,2,40,True,False,True,False,-0.1584,0.0199,0.0323,-0.0709,0.377,0.271,254209.99,1.09,0.0992,0.9008,0.0994,0.3607,24,1326.71,0.0066,121,-1.1197,-1.8993
v36_regime_core_long_balanced_risk_adjusted_50000_2asset_40d,50000.0,core_long,balanced,risk_adjusted,2,40,True,False,True,False,-0.1681,0.0181,0.0413,-0.1154,0.2505,0.2376,61879.45,0.68,0.0607,0.9393,0.0625,0.4858,42,530.75,0.0106,85,-4.0429,-8.9702
v36_regime_core_long_defensive_risk_adjusted_200000_1asset_40d,200000.0,core_long,defensive,risk_adjusted,1,40,True,False,True,False,-0.1693,0.0193,0.0335,-0.0715,0.2226,0.2617,252340.34,0.41,0.0684,0.9316,0.0675,0.3554,46,1021.76,0.0051,54,-2.2422,-8.2195
v36_regime_expanded_recent_balanced_risk_adjusted_100000_2asset_40d,100000.0,expanded_recent,balanced,risk_adjusted,2,40,True,False,True,False,-0.1697,0.0181,0.0409,-0.1189,0.253,0.2379,123787.94,0.71,0.0596,0.9404,0.0633,0.4858,39,673.36,0.0067,91,-3.9325,-10.1504
v36_regime_expanded_recent_balanced_risk_adjusted_200000_1asset_40d,200000.0,expanded_recent,balanced,risk_adjusted,1,40,True,False,True,False,-0.1704,0.0174,0.0444,-0.1199,0.2591,0.2261,245213.33,0.49,0.0573,0.9427,0.057,0.4252,39,969.67,0.0048,65,-2.8833,-7.8473
v36_regime_core_long_defensive_trend_100000_2asset_40d,100000.0,core_long,defensive,trend,2,40,True,False,True,False,-0.1718,0.0195,0.0321,-0.0703,0.377,0.265,126503.75,1.09,0.0986,0.9014,0.0994,0.3607,24,923.15,0.0092,122,-1.134,-1.9364
v36_regime_expanded_recent_balanced_risk_adjusted_50000_1asset_40d,50000.0,expanded_recent,balanced,risk_adjusted,1,40,True,False,True,False,-0.1726,0.0176,0.0431,-0.1189,0.2444,0.2287,61435.68,0.46,0.0515,0.9485,0.0536,0.4252,39,412.12,0.0082,61,-3.1715,-7.9633
v36_regime_expanded_recent_balanced_risk_adjusted_100000_1asset_40d,100000.0,expanded_recent,balanced,risk_adjusted,1,40,True,False,True,False,-0.1749,0.0173,0.0443,-0.12,0.245,0.2235,122346.11,0.46,0.0545,0.9455,0.0559,0.4252,39,566.59,0.0057,61,-3.1478,-7.8982
v36_regime_expanded_recent_balanced_risk_adjusted_200000_2asset_40d,200000.0,expanded_recent,balanced,risk_adjusted,2,40,True,False,True,False,-0.1807,0.0174,0.0421,-0.1195,0.2543,0.2269,245382.91,0.72,0.0631,0.9369,0.0657,0.4858,39,1019.39,0.0051,95,-3.9076,-10.1572
v36_regime_expanded_recent_balanced_risk_adjusted_100000_1asset_20d,100000.0,expanded_recent,balanced,risk_adjusted,1,20,True,False,True,False,-0.1844,0.0176,0.0402,-0.0922,0.2521,0.2309,123091.2,0.48,0.0628,0.9372,0.0645,0.4284,78,1063.1,0.0106,117,-2.0822,-3.704
v36_regime_expanded_recent_balanced_risk_adjusted_50000_2asset_40d,50000.0,expanded_recent,balanced,risk_adjusted,2,40,True,False,True,False,-0.1844,0.0175,0.0404,-0.1154,0.253,0.2302,61511.32,0.71,0.0584,0.9416,0.0633,0.4858,39,558.28,0.0112,91,-4.0862,-10.4515
v36_regime_core_long_defensive_risk_adjusted_100000_1asset_40d,100000.0,core_long,defensive,risk_adjusted,1,40,True,False,True,False,-0.1846,0.0188,0.0333,-0.0715,0.2226,0.2544,125436.06,0.41,0.0681,0.9319,0.0696,0.3554,45,584.74,0.0058,55,-2.2506,-8.2083
v36_regime_core_long_defensive_trend_50000_2asset_40d,50000.0,core_long,defensive,trend,2,40,True,False,True,False,-0.1905,0.019,0.0314,-0.0689,0.3767,0.2579,62893.79,1.09,0.0969,0.9031,0.0994,0.3607,24,743.61,0.0149,118,-1.1609,-1.9669
v36_regime_core_long_defensive_risk_adjusted_50000_1asset_40d,50000.0,core_long,defensive,risk_adjusted,1,40,True,False,True,False,-0.1927,0.0186,0.033,-0.0701,0.2226,0.2514,62570.97,0.41,0.0675,0.9325,0.0696,0.3554,45,412.03,0.0082,55,-2.29,-8.3448
v36_regime_core_long_defensive_risk_adjusted_200000_2asset_40d,200000.0,core_long,defensive,risk_adjusted,2,40,True,False,True,False,-0.1971,0.0187,0.0319,-0.0706,0.2338,0.2531,250624.86,0.63,0.0746,0.9254,0.0754,0.3554,45,1138.34,0.0057,81,-2.2112,-7.8829
v36_regime_core_long_defensive_risk_adjusted_100000_2asset_40d,100000.0,core_long,defensive,risk_adjusted,2,40,True,False,True,False,-0.2038,0.0186,0.0316,-0.0699,0.2338,0.2508,125083.66,0.63,0.0741,0.9259,0.0754,0.3554,45,713.04,0.0071,81,-2.2317,-7.9459
v36_regime_core_long_defensive_trend_200000_2asset_20d,200000.0,core_long,defensive,trend,2,20,True,False,True,False,-0.209,0.0186,0.0307,-0.0459,0.3661,0.2517,250342.39,1.09,0.0944,0.9056,0.0946,0.3607,51,2197.21,0.011,233,-1.1174,-1.8115
v36_regime_expanded_recent_defensive_trend_200000_2asset_20d,200000.0,expanded_recent,defensive,trend,2,20,True,False,True,False,-0.2129,0.0183,0.0313,-0.0535,0.3764,0.2476,249511.72,1.15,0.0946,0.9054,0.0948,0.3607,48,2266.78,0.0113,244,-1.0549,-1.9743
v36_regime_core_long_defensive_risk_adjusted_50000_2asset_40d,50000.0,core_long,defensive,risk_adjusted,2,40,True,False,True,False,-0.2183,0.0182,0.031,-0.07,0.2338,0.2458,62291.73,0.63,0.0729,0.9271,0.0754,0.3554,45,541.07,0.0108,80,-2.294,-8.1447
v36_regime_core_long_defensive_trend_100000_2asset_20d,100000.0,core_long,defensive,trend,2,20,True,False,True,False,-0.2243,0.0182,0.0304,-0.0453,0.3658,0.2453,124533.7,1.09,0.0935,0.9065,0.0946,0.3607,51,1587.2,0.0159,225,-1.1432,-1.8348
v36_regime_expanded_recent_defensive_trend_100000_2asset_20d,100000.0,expanded_recent,defensive,trend,2,20,True,False,True,False,-0.2263,0.018,0.031,-0.0538,0.376,0.2421,124207.54,1.14,0.0933,0.9067,0.0948,0.3607,48,1610.16,0.0161,228,-1.0755,-1.996
v36_regime_expanded_recent_balanced_risk_adjusted_200000_1asset_20d,200000.0,expanded_recent,balanced,risk_adjusted,1,20,True,False,True,False,-0.2307,0.0157,0.0404,-0.087,0.2591,0.2023,240467.33,0.49,0.0623,0.9377,0.0628,0.4284,78,1784.17,0.0089,121,-1.184,-1.5692
v36_regime_expanded_recent_balanced_risk_adjusted_200000_2asset_20d,200000.0,expanded_recent,balanced,risk_adjusted,2,20,True,False,True,False,-0.2434,0.0153,0.0399,-0.0882,0.2562,0.1966,239328.06,0.76,0.0764,0.9236,0.0782,0.4858,78,2131.74,0.0107,184,-1.3758,-2.4072
v36_regime_core_long_defensive_risk_adjusted_200000_2asset_20d,200000.0,core_long,defensive,risk_adjusted,2,20,True,False,True,False,-0.2437,0.0177,0.0298,-0.0618,0.2303,0.239,247790.7,0.65,0.0697,0.9303,0.0703,0.3554,90,1715.2,0.0086,149,-2.0608,-7.775
v36_regime_core_long_defensive_risk_adjusted_100000_2asset_20d,100000.0,core_long,defensive,risk_adjusted,2,20,True,False,True,False,-0.2549,0.0175,0.0295,-0.0619,0.2303,0.2349,123487.96,0.65,0.0692,0.9308,0.0703,0.3554,90,1160.34,0.0116,148,-2.0845,-7.8237
v36_regime_expanded_recent_defensive_risk_adjusted_200000_1asset_20d,200000.0,expanded_recent,defensive,risk_adjusted,1,20,True,False,True,False,-0.2579,0.0168,0.0317,-0.0552,0.2383,0.2243,244859.21,0.45,0.0683,0.9317,0.0693,0.3554,85,1767.09,0.0088,109,-1.2426,-3.4268
v36_regime_core_long_defensive_trend_50000_2asset_20d,50000.0,core_long,defensive,trend,2,20,True,False,True,False,-0.2588,0.0173,0.0298,-0.0468,0.3668,0.2319,61594.08,1.09,0.0917,0.9083,0.0946,0.3607,51,1284.62,0.0257,212,-1.2224,-1.9211
v36_regime_expanded_recent_defensive_risk_adjusted_100000_1asset_20d,100000.0,expanded_recent,defensive,risk_adjusted,1,20,True,False,True,False,-0.2638,0.0167,0.0315,-0.055,0.2377,0.2223,122231.54,0.45,0.0675,0.9325,0.0693,0.3554,85,1026.56,0.0103,109,-1.2482,-3.4343
v36_regime_expanded_recent_defensive_trend_50000_2asset_20d,50000.0,expanded_recent,defensive,trend,2,20,True,False,True,False,-0.2641,0.017,0.0305,-0.0569,0.376,0.2267,61332.82,1.14,0.0916,0.9084,0.0948,0.3607,48,1334.28,0.0267,221,-1.1341,-2.0765
v36_regime_expanded_recent_defensive_risk_adjusted_50000_1asset_20d,50000.0,expanded_recent,defensive,risk_adjusted,1,20,True,False,True,False,-0.2796,0.0162,0.0313,-0.0555,0.2345,0.2155,60774.83,0.44,0.0662,0.9338,0.0693,0.3554,85,743.57,0.0149,105,-1.2696,-3.4642
v36_regime_expanded_recent_balanced_risk_adjusted_100000_2asset_20d,100000.0,expanded_recent,balanced,risk_adjusted,2,20,True,False,True,False,-0.28,0.0148,0.0363,-0.0949,0.2492,0.192,119200.05,0.73,0.0621,0.9379,0.0664,0.4858,78,1267.45,0.0127,172,-2.5075,-4.1476
v36_regime_core_long_defensive_risk_adjusted_50000_2asset_20d,50000.0,core_long,defensive,risk_adjusted,2,20,True,False,True,False,-0.2832,0.0168,0.029,-0.0623,0.2303,0.2249,61242.66,0.65,0.068,0.932,0.0703,0.3554,90,929.04,0.0186,146,-2.156,-8.0326
v36_regime_expanded_recent_defensive_risk_adjusted_200000_2asset_40d,200000.0,expanded_recent,defensive,risk_adjusted,2,40,True,False,True,False,-0.2939,0.0157,0.0315,-0.0706,0.2569,0.2079,241571.94,0.72,0.0801,0.9199,0.082,0.3991,41,1300.66,0.0065,97,-1.6815,-4.3789
v36_regime_expanded_recent_defensive_risk_adjusted_200000_1asset_40d,200000.0,expanded_recent,defensive,risk_adjusted,1,40,True,False,True,False,-0.2945,0.0152,0.0331,-0.0715,0.2415,0.1998,239950.26,0.45,0.0713,0.9287,0.0729,0.3554,42,1155.34,0.0058,62,-1.3331,-3.4488
v36_regime_expanded_recent_defensive_risk_adjusted_100000_1asset_40d,100000.0,expanded_recent,defensive,risk_adjusted,1,40,True,False,True,False,-0.2981,0.0152,0.033,-0.0715,0.2415,0.1984,119843.32,0.45,0.0703,0.9297,0.0729,0.3554,42,641.28,0.0064,62,-1.334,-3.4443
v36_regime_expanded_recent_defensive_risk_adjusted_100000_2asset_40d,100000.0,expanded_recent,defensive,risk_adjusted,2,40,True,False,True,False,-0.3007,0.0156,0.0313,-0.0699,0.2566,0.2055,120551.75,0.71,0.0781,0.9219,0.082,0.3991,41,814.25,0.0081,95,-1.6978,-4.3953
v36_regime_expanded_recent_defensive_risk_adjusted_50000_1asset_40d,50000.0,expanded_recent,defensive,risk_adjusted,1,40,True,False,True,False,-0.3062,0.0149,0.0329,-0.0701,0.2364,0.1953,59763.92,0.44,0.0683,0.9317,0.0729,0.3554,42,446.18,0.0089,60,-1.3413,-3.4572
v36_regime_expanded_recent_defensive_risk_adjusted_50000_2asset_40d,50000.0,expanded_recent,defensive,risk_adjusted,2,40,True,False,True,False,-0.3174,0.0152,0.0309,-0.07,0.2511,0.2,59998.39,0.69,0.0756,0.9244,0.082,0.3991,41,613.91,0.0123,92,-1.721,-4.4412
v36_regime_expanded_recent_defensive_risk_adjusted_200000_2asset_20d,200000.0,expanded_recent,defensive,risk_adjusted,2,20,True,False,True,False,-0.3748,0.0138,0.03,-0.0618,0.2466,0.1794,235883.85,0.72,0.0729,0.9271,0.0739,0.3991,84,1905.65,0.0095,169,-1.638,-4.3504
v36_regime_expanded_recent_defensive_trend_200000_2asset_40d,200000.0,expanded_recent,defensive,trend,2,40,True,False,True,False,-0.377,0.0147,0.0274,-0.0709,0.2892,0.1936,238726.61,0.88,0.0709,0.9291,0.0694,0.3607,37,958.99,0.0048,98,-4.3351,-11.9486
v36_regime_expanded_recent_balanced_risk_adjusted_50000_2asset_20d,50000.0,expanded_recent,balanced,risk_adjusted,2,20,True,False,True,False,-0.3809,0.0128,0.0321,-0.1061,0.2486,0.1642,58210.28,0.73,0.0587,0.9413,0.064,0.415,78,1017.82,0.0204,167,-2.7525,-4.1556
v36_regime_expanded_recent_defensive_risk_adjusted_100000_2asset_20d,100000.0,expanded_recent,defensive,risk_adjusted,2,20,True,False,True,False,-0.3851,0.0136,0.0296,-0.0619,0.246,0.1769,117690.65,0.71,0.0715,0.9285,0.0739,0.3991,84,1281.35,0.0128,165,-1.6611,-4.404
v36_regime_expanded_recent_defensive_trend_100000_2asset_40d,100000.0,expanded_recent,defensive,trend,2,40,True,False,True,False,-0.3919,0.0143,0.0273,-0.0703,0.2892,0.1885,118854.52,0.88,0.0705,0.9295,0.0694,0.3607,37,706.98,0.0071,99,-4.3964,-12.1492
v36_regime_expanded_recent_defensive_trend_50000_2asset_40d,50000.0,expanded_recent,defensive,trend,2,40,True,False,True,False,-0.4086,0.014,0.0269,-0.0689,0.2889,0.1843,59215.67,0.88,0.0691,0.9309,0.0694,0.3607,37,584.03,0.0117,96,-4.8154,-13.6419
v36_regime_expanded_recent_defensive_risk_adjusted_50000_2asset_20d,50000.0,expanded_recent,defensive,risk_adjusted,2,20,True,False,True,False,-0.4155,0.0129,0.0292,-0.0623,0.2434,0.1665,58324.12,0.71,0.0698,0.9302,0.0739,0.3991,84,1012.18,0.0202,160,-1.7074,-4.4911
v36_regime_core_long_aggressive_risk_adjusted_50000_2asset_40d,50000.0,core_long,aggressive,risk_adjusted,2,40,False,False,True,False,0.214,0.04,0.0703,-0.1902,0.2924,0.5924,79620.24,0.76,0.1235,0.8765,0.1229,0.7999,37,744.56,0.0149,94,-1.6559,-4.1573
v36_regime_core_long_aggressive_risk_adjusted_200000_2asset_40d,200000.0,core_long,aggressive,risk_adjusted,2,40,False,False,True,False,0.2008,0.0393,0.0711,-0.1913,0.2924,0.5764,315279.77,0.76,0.1265,0.8735,0.126,0.7999,37,1965.13,0.0098,95,-1.6176,-4.0649
v36_regime_core_long_aggressive_risk_adjusted_100000_2asset_40d,100000.0,core_long,aggressive,risk_adjusted,2,40,False,False,True,False,0.2,0.0392,0.071,-0.1908,0.2924,0.575,157497.96,0.76,0.1261,0.8739,0.126,0.7999,37,1098.44,0.011,95,-1.6379,-4.1149
v36_regime_core_long_aggressive_trend_200000_1asset_40d,200000.0,core_long,aggressive,trend,1,40,False,False,True,False,0.1776,0.0354,0.0585,-0.1913,0.0782,0.5178,303558.85,0.14,0.055,0.945,0.0528,0.7001,68,679.55,0.0034,16,0.0,0.0
v36_regime_expanded_recent_aggressive_trend_200000_1asset_40d,200000.0,expanded_recent,aggressive,trend,1,40,False,False,True,False,0.1776,0.0354,0.0585,-0.1913,0.0782,0.5178,303558.85,0.14,0.055,0.945,0.0528,0.7001,68,679.55,0.0034,16,0.0,0.0
v36_regime_core_long_aggressive_trend_100000_1asset_40d,100000.0,core_long,aggressive,trend,1,40,False,False,True,False,0.177,0.0354,0.0585,-0.1913,0.0782,0.5171,151706.84,0.14,0.055,0.945,0.0528,0.7001,68,347.56,0.0035,16,0.0,0.0
v36_regime_expanded_recent_aggressive_trend_100000_1asset_40d,100000.0,expanded_recent,aggressive,trend,1,40,False,False,True,False,0.177,0.0354,0.0585,-0.1913,0.0782,0.5171,151706.84,0.14,0.055,0.945,0.0528,0.7001,68,347.56,0.0035,16,0.0,0.0
v36_regime_core_long_aggressive_trend_50000_1asset_40d,50000.0,core_long,aggressive,trend,1,40,False,False,True,False,0.1749,0.0352,0.0584,-0.1916,0.0782,0.5147,75733.19,0.14,0.0549,0.9451,0.0528,0.7001,68,188.51,0.0038,16,0.0,0.0
v36_regime_expanded_recent_aggressive_trend_50000_1asset_40d,50000.0,expanded_recent,aggressive,trend,1,40,False,False,True,False,0.1749,0.0352,0.0584,-0.1916,0.0782,0.5147,75733.19,0.14,0.0549,0.9451,0.0528,0.7001,68,188.51,0.0038,16,0.0,0.0
v36_regime_core_long_aggressive_trend_200000_2asset_40d,200000.0,core_long,aggressive,trend,2,40,False,False,True,False,0.1419,0.0342,0.0649,-0.1909,0.296,0.4884,297672.23,0.92,0.1399,0.8601,0.1373,0.6834,36,1751.47,0.0088,104,-1.2324,-3.0913
v36_regime_expanded_recent_aggressive_trend_50000_2asset_40d,50000.0,expanded_recent,aggressive,trend,2,40,False,False,True,False,0.14,0.0333,0.0592,-0.1904,0.2751,0.4779,73894.4,0.86,0.1118,0.8882,0.1122,0.6834,39,643.5,0.0129,94,-1.2474,-4.6369
v36_regime_expanded_recent_aggressive_trend_100000_2asset_40d,100000.0,expanded_recent,aggressive,trend,2,40,False,False,True,False,0.139,0.0333,0.0596,-0.1912,0.2956,0.4775,147746.44,0.92,0.1191,0.8809,0.1187,0.6834,36,937.76,0.0094,104,-1.3113,-2.4962
v36_regime_core_long_aggressive_trend_50000_2asset_40d,50000.0,core_long,aggressive,trend,2,40,False,False,True,False,0.1377,0.0348,0.0711,-0.1904,0.41,0.4911,74554.6,1.21,0.1526,0.8474,0.1556,0.7999,19,949.7,0.019,134,-1.3512,-2.4145
v36_regime_expanded_recent_aggressive_trend_200000_2asset_40d,200000.0,expanded_recent,aggressive,trend,2,40,False,False,True,False,0.137,0.0352,0.0748,-0.1909,0.4078,0.4946,298917.13,1.26,0.1653,0.8347,0.1621,0.7999,20,2386.87,0.0119,146,-1.2203,-2.4656
v36_regime_core_long_aggressive_trend_100000_2asset_40d,100000.0,core_long,aggressive,trend,2,40,False,False,True,False,0.1343,0.0331,0.0603,-0.1912,0.2761,0.4733,147327.86,0.86,0.1168,0.8832,0.1164,0.6834,39,878.84,0.0088,94,-1.1494,-4.6073
v36_regime_expanded_recent_aggressive_risk_adjusted_200000_2asset_40d,200000.0,expanded_recent,aggressive,risk_adjusted,2,40,False,False,True,False,0.1159,0.033,0.0686,-0.1913,0.3094,0.4607,292142.44,0.85,0.1214,0.8786,0.1224,0.7999,34,1920.56,0.0096,109,-1.6935,-4.0684
v36_regime_expanded_recent_aggressive_risk_adjusted_100000_2asset_40d,100000.0,expanded_recent,aggressive,risk_adjusted,2,40,False,False,True,False,0.1153,0.0329,0.0685,-0.1908,0.3043,0.4599,145986.43,0.81,0.1192,0.8808,0.1224,0.7999,34,1083.47,0.0108,104,-1.7065,-4.1153
v36_regime_expanded_recent_aggressive_risk_adjusted_50000_2asset_40d,50000.0,expanded_recent,aggressive,risk_adjusted,2,40,False,False,True,False,0.0987,0.0318,0.0693,-0.1902,0.3033,0.4399,71995.43,0.8,0.119,0.881,0.1263,0.7999,32,779.97,0.0156,104,-1.758,-4.1164
v36_regime_core_long_aggressive_risk_adjusted_200000_1asset_40d,200000.0,core_long,aggressive,risk_adjusted,1,40,False,False,False,False,0.061,0.0284,0.0564,-0.1915,0.049,0.3947,278932.2,0.09,0.037,0.963,0.0353,0.7001,72,514.7,0.0026,11,0.0,0.0
v36_regime_expanded_recent_aggressive_risk_adjusted_200000_1asset_40d,200000.0,expanded_recent,aggressive,risk_adjusted,1,40,False,False,False,False,0.061,0.0284,0.0564,-0.1915,0.049,0.3947,278932.2,0.09,0.037,0.963,0.0353,0.7001,72,514.7,0.0026,11,0.0,0.0
v36_regime_core_long_aggressive_risk_adjusted_100000_1asset_40d,100000.0,core_long,aggressive,risk_adjusted,1,40,False,False,False,False,0.0609,0.0284,0.0564,-0.1916,0.049,0.3946,139460.41,0.09,0.037,0.963,0.0353,0.7001,72,259.79,0.0026,11,0.0,0.0
v36_regime_expanded_recent_aggressive_risk_adjusted_100000_1asset_40d,100000.0,expanded_recent,aggressive,risk_adjusted,1,40,False,False,False,False,0.0609,0.0284,0.0564,-0.1916,0.049,0.3946,139460.41,0.09,0.037,0.963,0.0353,0.7001,72,259.79,0.0026,11,0.0,0.0
v36_regime_core_long_aggressive_risk_adjusted_50000_1asset_40d,50000.0,core_long,aggressive,risk_adjusted,1,40,False,False,False,False,0.0586,0.0283,0.0561,-0.1898,0.049,0.3923,69615.81,0.09,0.0368,0.9632,0.0353,0.7001,72,136.19,0.0027,11,0.0,0.0
v36_regime_expanded_recent_aggressive_risk_adjusted_50000_1asset_40d,50000.0,expanded_recent,aggressive,risk_adjusted,1,40,False,False,False,False,0.0586,0.0283,0.0561,-0.1898,0.049,0.3923,69615.81,0.09,0.0368,0.9632,0.0353,0.7001,72,136.19,0.0027,11,0.0,0.0
