name,capital,rank_mode,gross_profile,max_positions,small_account_minimum_gate_passes,small_account_executable_gate_passes,sharpe_ratio,annual_return,annual_volatility,max_drawdown,win_rate,total_return,final_nav,avg_holdings,avg_stock_exposure,avg_cash_weight,total_fees,fees_pct_initial_capital,orders,blocked_buys,blocked_sells,lot_blocked_targets,cash_blocked_buys,avg_oos_sharpe,min_oos_sharpe
v33_small_account_small_balanced_blend_100000_5pos,100000.0,blend,small_balanced,5,False,True,0.4123,0.0673,0.1026,-0.222,0.5401,2.1965,319647.81,5.3,0.2119,0.7881,45756.19,0.4576,4036,18,208,47,0,0.3901,-0.593
v33_small_account_small_balanced_defensive_100000_8pos,100000.0,defensive,small_balanced,8,False,True,0.3286,0.0627,0.1146,-0.273,0.5339,1.8895,288947.96,8.29,0.1716,0.8284,43356.04,0.4336,5780,29,343,167,1,-0.9346,-2.5111
v33_small_account_small_balanced_defensive_100000_5pos,100000.0,defensive,small_balanced,5,False,True,0.1964,0.0449,0.1011,-0.2278,0.5303,1.1127,211267.09,5.3,0.1865,0.8135,33530.91,0.3353,3784,20,248,79,0,-0.4997,-1.6484
v33_small_account_small_balanced_blend_100000_8pos,100000.0,blend,small_balanced,8,False,True,0.1914,0.0405,0.0808,-0.2213,0.5409,1.0048,200481.25,8.04,0.1638,0.8362,44655.75,0.4466,6043,32,258,184,0,-0.1217,-1.4719
v33_small_account_small_defensive_defensive_100000_5pos,100000.0,defensive,small_defensive,5,False,True,0.155,0.0449,0.1283,-0.2696,0.5018,1.0414,204141.37,4.89,0.1076,0.8924,24087.63,0.2409,3408,17,245,153,0,-2.9691,-5.1348
v33_small_account_small_balanced_defensive_100000_10pos,100000.0,defensive,small_balanced,10,False,True,0.1527,0.0363,0.074,-0.2108,0.5333,0.8714,187144.87,10.22,0.1736,0.8264,47442.13,0.4744,6881,30,456,269,0,-0.9819,-2.1898
v33_small_account_small_balanced_blend_50000_5pos,50000.0,blend,small_balanced,5,False,True,0.1407,0.0381,0.093,-0.223,0.5107,0.89,94501.7,4.83,0.1266,0.8734,22978.3,0.4596,3600,19,182,171,0,-0.8408,-2.5051
v33_small_account_small_balanced_defensive_50000_5pos,50000.0,defensive,small_balanced,5,False,True,0.1374,0.039,0.1022,-0.2348,0.5118,0.8956,94782.38,5.05,0.1666,0.8334,23545.62,0.4709,3518,18,237,123,0,-0.3389,-1.7806
v33_small_account_small_balanced_lowvol_reversal_100000_8pos,100000.0,lowvol_reversal,small_balanced,8,False,True,0.1127,0.0356,0.094,-0.2165,0.5299,0.7944,179437.87,7.78,0.176,0.824,44862.13,0.4486,5918,43,226,235,0,-0.2432,-2.8238
v33_small_account_small_balanced_defensive_100000_12pos,100000.0,defensive,small_balanced,12,False,True,0.108,0.0326,0.0705,-0.2104,0.5327,0.7549,175488.69,12.15,0.1848,0.8152,53270.31,0.5327,7981,39,606,405,0,-0.8601,-2.5002
v33_small_account_small_balanced_blend_100000_12pos,100000.0,blend,small_balanced,12,False,True,0.1067,0.0334,0.0789,-0.2053,0.5452,0.7611,176114.65,11.34,0.1941,0.8059,57229.35,0.5723,8355,33,303,472,0,0.4315,-0.968
v33_small_account_small_balanced_lowvol_reversal_100000_5pos,100000.0,lowvol_reversal,small_balanced,5,False,True,0.0781,0.0334,0.1069,-0.2574,0.5163,0.6944,169435.15,5.05,0.1326,0.8674,30147.85,0.3015,3883,30,176,105,0,-0.354,-3.0131
v33_small_account_small_balanced_ic_100000_5pos,100000.0,ic,small_balanced,5,False,True,0.0316,0.0286,0.1131,-0.2826,0.5214,0.5359,153588.03,4.84,0.1148,0.8852,28550.97,0.2855,3877,38,151,154,0,-0.4023,-2.096
v33_small_account_small_balanced_lowvol_reversal_50000_5pos,50000.0,lowvol_reversal,small_balanced,5,False,True,0.0036,0.0254,0.1113,-0.2626,0.4816,0.4527,72636.62,4.42,0.1164,0.8836,21001.38,0.42,3344,20,149,225,0,-0.6907,-2.8411
v33_small_account_small_balanced_ic_50000_5pos,50000.0,ic,small_balanced,5,False,True,-0.0368,0.0208,0.1132,-0.2786,0.482,0.3306,66530.09,4.29,0.1041,0.8959,20863.91,0.4173,3395,27,129,242,0,-0.8591,-3.4932
v33_small_account_small_balanced_blend_50000_8pos,50000.0,blend,small_balanced,8,False,True,-0.0465,0.0214,0.0774,-0.2353,0.4912,0.4139,70696.91,6.53,0.1042,0.8958,27378.09,0.5476,4747,22,222,443,0,-1.0989,-2.601
v33_small_account_small_balanced_ic_100000_8pos,100000.0,ic,small_balanced,8,False,True,-0.0621,0.0199,0.0819,-0.2276,0.5227,0.3661,136610.58,7.47,0.126,0.874,38319.42,0.3832,5837,56,219,308,0,-0.7636,-2.7367
v33_small_account_small_balanced_lowvol_reversal_100000_10pos,100000.0,lowvol_reversal,small_balanced,10,False,True,-0.069,0.0195,0.0796,-0.2103,0.5273,0.3585,135849.66,9.56,0.1652,0.8348,47410.34,0.4741,7014,46,372,399,0,-0.8245,-3.7597
v33_small_account_small_balanced_defensive_50000_8pos,50000.0,defensive,small_balanced,8,False,True,-0.0863,0.0182,0.0785,-0.2288,0.4954,0.3312,66561.22,6.95,0.121,0.879,26377.78,0.5276,4563,19,370,440,0,-1.7343,-3.7667
v33_small_account_small_balanced_blend_100000_10pos,100000.0,blend,small_balanced,10,False,True,-0.097,0.018,0.0722,-0.2296,0.5233,0.3346,133461.45,9.3,0.1141,0.8859,41037.55,0.4104,6676,31,365,497,0,-0.8226,-2.1114
v33_small_account_small_defensive_defensive_100000_8pos,100000.0,defensive,small_defensive,8,False,True,-0.0998,0.02,0.0503,-0.154,0.4918,0.4178,141779.48,7.2,0.1072,0.8928,30064.52,0.3006,4725,22,415,296,0,-4.038,-5.7587
v33_small_account_small_balanced_ic_100000_10pos,100000.0,ic,small_balanced,10,False,True,-0.1225,0.0151,0.0812,-0.2396,0.5169,0.248,124796.32,9.3,0.1539,0.8461,45459.69,0.4546,6932,51,378,448,0,-0.3348,-3.5266
v33_small_account_small_balanced_lowvol_reversal_50000_8pos,50000.0,lowvol_reversal,small_balanced,8,False,True,-0.1617,0.0118,0.0819,-0.2354,0.479,0.1748,58737.71,6.08,0.1034,0.8966,25562.29,0.5112,4453,20,184,452,0,-1.2196,-2.6154
v33_small_account_small_balanced_lowvol_reversal_100000_12pos,100000.0,lowvol_reversal,small_balanced,12,False,True,-0.1742,0.0121,0.0742,-0.2053,0.522,0.191,119096.11,10.68,0.1565,0.8435,49991.89,0.4999,7907,47,291,503,0,-0.8622,-3.2937
v33_small_account_small_balanced_ic_100000_12pos,100000.0,ic,small_balanced,12,False,True,-0.179,0.0117,0.0744,-0.2249,0.5178,0.1823,118232.89,10.64,0.1601,0.8399,50596.11,0.506,7978,65,335,537,0,-0.5765,-3.6584
v33_small_account_small_balanced_ic_50000_8pos,50000.0,ic,small_balanced,8,False,True,-0.192,0.0093,0.082,-0.2512,0.4788,0.1205,56023.19,6.24,0.1182,0.8818,27488.81,0.5498,4722,29,202,467,0,-0.7648,-3.6564
v33_small_account_small_balanced_blend_50000_10pos,50000.0,blend,small_balanced,10,False,True,-0.1957,0.0113,0.0702,-0.2255,0.4827,0.1809,59046.08,7.35,0.1069,0.8931,29722.92,0.5945,5271,20,205,540,0,-1.2513,-2.9047
v33_small_account_small_defensive_lowvol_reversal_100000_5pos,100000.0,lowvol_reversal,small_defensive,5,False,True,-0.1965,0.0125,0.0636,-0.1606,0.4967,0.2169,121687.57,4.47,0.1015,0.8985,24366.43,0.2437,3433,20,151,205,0,-0.6437,-2.8014
v33_small_account_small_balanced_defensive_50000_10pos,50000.0,defensive,small_balanced,10,False,True,-0.2367,0.0087,0.0689,-0.245,0.4782,0.1271,56354.6,7.86,0.1196,0.8804,28525.4,0.5705,5042,18,385,557,0,-2.0228,-4.0192
v33_small_account_small_balanced_ic_50000_10pos,50000.0,ic,small_balanced,10,False,True,-0.2781,0.0057,0.0694,-0.2382,0.4676,0.0653,53263.34,6.76,0.1054,0.8946,28926.66,0.5785,5123,28,172,591,0,-0.69,-3.0518
v33_small_account_small_balanced_lowvol_reversal_50000_10pos,50000.0,lowvol_reversal,small_balanced,10,False,True,-0.3009,0.0041,0.0696,-0.2336,0.4671,0.0331,51653.49,6.96,0.1091,0.8909,28793.51,0.5759,5107,22,200,595,0,-1.2695,-3.0732
v33_small_account_small_balanced_blend_50000_12pos,50000.0,blend,small_balanced,12,False,True,-0.3182,0.0052,0.0621,-0.2332,0.4567,0.0646,53229.33,7.92,0.1008,0.8992,31242.67,0.6249,5629,16,170,717,0,-1.8133,-4.0536
v33_small_account_small_balanced_ic_50000_12pos,50000.0,ic,small_balanced,12,False,True,-0.3475,0.0026,0.0644,-0.2325,0.4427,0.0116,50577.74,7.41,0.102,0.898,30550.26,0.611,5478,32,191,644,0,-1.3119,-3.5174
v33_small_account_small_balanced_lowvol_reversal_50000_12pos,50000.0,lowvol_reversal,small_balanced,12,False,True,-0.3481,0.0024,0.0649,-0.2256,0.4469,0.0065,50326.96,7.59,0.1065,0.8935,30777.04,0.6155,5523,21,172,689,0,-1.6137,-3.9935
v33_small_account_small_balanced_defensive_50000_12pos,50000.0,defensive,small_balanced,12,False,True,-0.3489,0.0034,0.0619,-0.2539,0.452,0.0292,51461.28,8.23,0.1149,0.8851,30202.72,0.6041,5424,16,250,700,0,-2.2481,-4.2869
v33_small_account_v32_guard_blend_50000_10pos,50000.0,blend,v32_guard,10,False,False,-0.0839,0.0186,0.0757,-0.1744,0.1921,0.3509,67543.77,2.09,0.0338,0.9662,8353.23,0.1671,1471,7,127,92,0,-11.4468,-35.7196
v33_small_account_v32_guard_blend_50000_12pos,50000.0,blend,v32_guard,12,False,False,-0.1247,0.0151,0.0793,-0.1837,0.1323,0.2599,62997.0,1.81,0.0264,0.9736,7025.0,0.1405,1252,6,121,85,0,-10.2572,-28.1423
v33_small_account_v32_guard_defensive_50000_10pos,50000.0,defensive,v32_guard,10,False,False,-0.1299,0.0147,0.0793,-0.1835,0.1674,0.2505,62524.02,2.12,0.0326,0.9674,7670.98,0.1534,1370,4,135,107,0,-14.7668,-44.1619
v33_small_account_v32_guard_blend_50000_8pos,50000.0,blend,v32_guard,8,False,False,-0.1497,0.0138,0.0748,-0.1761,0.1804,0.2359,61794.14,1.48,0.0218,0.9782,6143.86,0.1229,1094,4,60,70,0,-11.9861,-39.5305
v33_small_account_v32_guard_lowvol_reversal_50000_8pos,50000.0,lowvol_reversal,v32_guard,8,False,False,-0.1636,0.0124,0.077,-0.1822,0.164,0.2012,60061.58,1.41,0.0216,0.9784,5811.42,0.1162,1034,2,60,65,0,-12.0191,-34.8863
v33_small_account_v32_guard_lowvol_reversal_50000_10pos,50000.0,lowvol_reversal,v32_guard,10,False,False,-0.1696,0.0119,0.0775,-0.18,0.1421,0.1882,59412.3,1.62,0.0251,0.9749,6622.7,0.1325,1176,5,86,79,0,-15.0247,-46.4509
v33_small_account_v32_guard_ic_50000_10pos,50000.0,ic,v32_guard,10,False,False,-0.1711,0.0169,0.0474,-0.1005,0.2312,0.3422,67111.75,3.04,0.0634,0.9366,13648.25,0.273,2282,13,83,155,0,-2.5199,-8.7873
v33_small_account_small_defensive_blend_100000_5pos,100000.0,blend,small_defensive,5,False,False,-0.1743,0.0152,0.0561,-0.1526,0.5073,0.2909,129086.8,4.67,0.0941,0.9059,23770.2,0.2377,3452,19,199,186,0,-1.4968,-3.7983
v33_small_account_v32_guard_ic_50000_12pos,50000.0,ic,v32_guard,12,False,False,-0.1787,0.0111,0.0778,-0.1814,0.12,0.1714,58568.36,1.63,0.0234,0.9766,6678.64,0.1336,1199,9,79,77,0,-3.0919,-10.0042
v33_small_account_v32_guard_defensive_50000_12pos,50000.0,defensive,v32_guard,12,False,False,-0.1849,0.0105,0.0782,-0.1829,0.141,0.1586,57928.9,2.14,0.03,0.97,7801.1,0.156,1415,8,125,131,0,-1.9761,-9.8804
v33_small_account_v32_guard_lowvol_reversal_50000_12pos,50000.0,lowvol_reversal,v32_guard,12,False,False,-0.1886,0.0102,0.0787,-0.184,0.1259,0.1499,57493.26,1.81,0.0239,0.9761,7178.74,0.1436,1302,5,86,99,0,-3.7025,-9.796
v33_small_account_v32_guard_lowvol_reversal_50000_5pos,50000.0,lowvol_reversal,v32_guard,5,False,False,-0.2334,0.0143,0.046,-0.111,0.2633,0.2797,63984.86,1.98,0.0382,0.9618,8149.14,0.163,1396,6,113,94,0,-7.9139,-13.1516
v33_small_account_small_defensive_defensive_50000_5pos,50000.0,defensive,small_defensive,5,False,False,-0.2374,0.0128,0.0515,-0.171,0.4344,0.2389,61943.99,3.87,0.0948,0.9052,16334.01,0.3267,2704,11,164,214,0,-4.4011,-8.1646
v33_small_account_v32_guard_ic_50000_5pos,50000.0,ic,v32_guard,5,False,False,-0.257,0.013,0.0469,-0.1122,0.265,0.2484,62418.67,1.77,0.0334,0.9666,7973.33,0.1595,1364,6,71,83,0,-7.0608,-13.0027
v33_small_account_small_defensive_lowvol_reversal_50000_12pos,50000.0,lowvol_reversal,small_defensive,12,False,False,-0.2659,0.0072,0.0669,-0.1606,0.314,0.1012,55060.45,4.26,0.0555,0.9445,16884.55,0.3377,3059,7,136,295,0,-2.0597,-4.2853
v33_small_account_small_defensive_ic_50000_12pos,50000.0,ic,small_defensive,12,False,False,-0.2741,0.011,0.051,-0.1604,0.3233,0.2002,60008.51,4.45,0.0527,0.9473,17697.49,0.3539,3211,17,178,369,0,-2.9334,-4.1852
v33_small_account_small_defensive_ic_100000_5pos,100000.0,ic,small_defensive,5,False,False,-0.2958,0.0082,0.0569,-0.1632,0.4803,0.1312,113123.92,4.06,0.069,0.931,21055.08,0.2106,3224,34,129,235,0,-2.573,-4.9225
v33_small_account_small_defensive_defensive_50000_12pos,50000.0,defensive,small_defensive,12,False,False,-0.3058,0.0095,0.0506,-0.151,0.3355,0.1679,58395.96,5.02,0.0592,0.9408,18123.04,0.3625,3310,10,233,343,0,-3.3568,-5.5616
v33_small_account_small_defensive_blend_50000_12pos,50000.0,blend,small_defensive,12,False,False,-0.3077,0.0088,0.0525,-0.1545,0.3372,0.1508,57539.55,4.57,0.053,0.947,18173.45,0.3635,3312,9,132,359,0,-3.3118,-6.2292
v33_small_account_small_defensive_lowvol_reversal_50000_10pos,50000.0,lowvol_reversal,small_defensive,10,False,False,-0.3119,0.0097,0.0489,-0.1557,0.3738,0.1736,58680.12,4.76,0.0666,0.9334,19237.88,0.3848,3441,11,169,403,0,-2.984,-5.5158
v33_small_account_v32_guard_ic_100000_10pos,100000.0,ic,v32_guard,10,False,False,-0.3476,0.0118,0.0379,-0.1003,0.3291,0.2303,123025.33,4.22,0.041,0.959,18624.67,0.1862,3187,29,137,234,0,-6.8847,-11.5131
v33_small_account_small_defensive_blend_50000_5pos,50000.0,blend,small_defensive,5,False,False,-0.35,0.0065,0.0529,-0.1676,0.4037,0.1005,55025.45,3.48,0.0735,0.9265,14961.55,0.2992,2517,10,151,245,0,-4.0169,-5.6692
v33_small_account_small_defensive_blend_50000_10pos,50000.0,blend,small_defensive,10,False,False,-0.3841,0.0081,0.044,-0.1648,0.3665,0.1425,57123.2,4.67,0.0595,0.9405,18528.8,0.3706,3347,12,168,378,0,-3.7806,-6.1157
v33_small_account_small_defensive_ic_50000_5pos,50000.0,ic,small_defensive,5,False,False,-0.3916,0.0036,0.0546,-0.1682,0.3869,0.0411,52054.13,3.03,0.0589,0.9411,13928.87,0.2786,2380,19,93,267,0,-3.8298,-5.4225
v33_small_account_small_defensive_blend_100000_8pos,100000.0,blend,small_defensive,8,False,False,-0.3973,0.0067,0.0459,-0.1664,0.4635,0.1122,111222.92,6.07,0.076,0.924,27004.08,0.27,4424,18,217,346,0,-3.5793,-7.3178
v33_small_account_v32_guard_defensive_50000_8pos,50000.0,defensive,v32_guard,8,False,False,-0.3978,0.0063,0.0469,-0.1051,0.2044,0.1039,55193.25,2.23,0.0367,0.9633,8276.75,0.1655,1468,5,136,107,0,-11.8536,-43.238
v33_small_account_v32_guard_lowvol_reversal_100000_10pos,100000.0,lowvol_reversal,v32_guard,10,False,False,-0.4019,0.0069,0.0451,-0.1052,0.2685,0.1169,111692.23,2.89,0.0247,0.9753,12107.77,0.1211,2119,2,90,141,0,-6.887,-10.8155
v33_small_account_small_defensive_lowvol_reversal_50000_5pos,50000.0,lowvol_reversal,small_defensive,5,False,False,-0.4069,0.0036,0.0527,-0.1621,0.3833,0.0424,52118.22,2.99,0.0555,0.9445,13022.78,0.2605,2251,8,94,290,0,-3.4071,-5.9544
v33_small_account_small_defensive_ic_100000_8pos,100000.0,ic,small_defensive,8,False,False,-0.4075,0.0057,0.0474,-0.1603,0.4608,0.089,108903.55,5.86,0.0732,0.9268,26927.45,0.2693,4430,40,196,340,0,-3.1122,-7.0116
v33_small_account_v32_guard_lowvol_reversal_100000_12pos,100000.0,lowvol_reversal,v32_guard,12,False,False,-0.4103,0.0057,0.0471,-0.1064,0.2568,0.0903,109034.15,3.26,0.0312,0.9688,13801.85,0.138,2384,6,107,171,0,-6.8596,-12.4987
v33_small_account_v32_guard_blend_50000_5pos,50000.0,blend,v32_guard,5,False,False,-0.4349,0.009,0.0368,-0.1072,0.2812,0.1682,58407.63,2.13,0.0398,0.9602,9019.37,0.1804,1555,5,114,122,0,-8.3241,-14.6548
v33_small_account_small_defensive_lowvol_reversal_100000_8pos,100000.0,lowvol_reversal,small_defensive,8,False,False,-0.4373,0.0046,0.0467,-0.1604,0.4416,0.0678,106778.73,5.71,0.0716,0.9284,25545.27,0.2555,4235,24,169,357,0,-3.5851,-7.3998
v33_small_account_small_defensive_defensive_50000_8pos,50000.0,defensive,small_defensive,8,False,False,-0.4496,0.0059,0.0424,-0.1803,0.3906,0.0984,54918.69,4.91,0.0799,0.9201,18658.31,0.3732,3293,12,234,370,0,-3.6143,-6.5417
v33_small_account_v32_guard_ic_100000_5pos,100000.0,ic,v32_guard,5,False,False,-0.4679,0.0062,0.0403,-0.1043,0.3516,0.1051,110505.47,2.74,0.044,0.956,13998.53,0.14,2162,21,95,204,0,-8.0635,-10.9628
v33_small_account_v32_guard_defensive_100000_10pos,100000.0,defensive,v32_guard,10,False,False,-0.4695,0.0086,0.035,-0.1081,0.3457,0.16,115999.38,4.99,0.0505,0.9495,19341.62,0.1934,3304,15,267,282,0,-8.0218,-11.9833
v33_small_account_v32_guard_lowvol_reversal_100000_5pos,100000.0,lowvol_reversal,v32_guard,5,False,False,-0.4996,0.006,0.0381,-0.1092,0.3446,0.1032,110321.29,2.7,0.0396,0.9604,12969.71,0.1297,2062,9,93,235,0,-7.8182,-12.6874
v33_small_account_v32_guard_defensive_100000_5pos,100000.0,defensive,v32_guard,5,False,False,-0.5188,0.004,0.0404,-0.1143,0.3763,0.0616,106160.47,3.42,0.0662,0.9338,14888.53,0.1489,2260,7,228,201,0,-9.4026,-15.3927
v33_small_account_v32_guard_blend_100000_5pos,100000.0,blend,v32_guard,5,False,False,-0.5236,0.0067,0.0349,-0.1045,0.3614,0.1212,112125.0,2.91,0.0388,0.9612,13093.0,0.1309,2118,8,125,290,0,-8.9101,-13.2439
v33_small_account_small_defensive_ic_100000_10pos,100000.0,ic,small_defensive,10,False,False,-0.5256,0.0028,0.0423,-0.1718,0.4208,0.0359,103587.48,6.55,0.0633,0.9367,27361.52,0.2736,4656,33,375,488,0,-4.3414,-8.0362
v33_small_account_v32_guard_ic_100000_12pos,100000.0,ic,v32_guard,12,False,False,-0.5286,0.0046,0.0386,-0.1042,0.2763,0.0745,107453.73,3.58,0.0353,0.9647,15500.27,0.155,2658,18,134,196,0,-11.8755,-33.7306
v33_small_account_v32_guard_blend_100000_12pos,100000.0,blend,v32_guard,12,False,False,-0.53,0.0061,0.0356,-0.0993,0.2789,0.108,110800.12,3.53,0.0311,0.9689,14929.88,0.1493,2604,8,124,176,0,-11.5351,-20.0305
v33_small_account_small_defensive_ic_50000_10pos,50000.0,ic,small_defensive,10,False,False,-0.5435,0.0026,0.0411,-0.1554,0.3572,0.0342,51711.5,4.64,0.0626,0.9374,19028.5,0.3806,3414,22,191,371,0,-3.2626,-4.7602
v33_small_account_small_defensive_defensive_100000_10pos,100000.0,defensive,small_defensive,10,False,False,-0.5491,0.0029,0.0402,-0.1738,0.4388,0.0403,104026.21,7.28,0.0738,0.9262,27187.79,0.2719,4650,15,456,486,0,-4.8709,-8.5014
v33_small_account_small_defensive_lowvol_reversal_100000_10pos,100000.0,lowvol_reversal,small_defensive,10,False,False,-0.5545,0.0015,0.0423,-0.1597,0.445,0.0119,101191.15,6.97,0.0739,0.9261,28500.85,0.285,4835,24,423,533,0,-3.853,-7.2069
v33_small_account_v32_guard_defensive_100000_12pos,100000.0,defensive,v32_guard,12,False,False,-0.5561,0.0037,0.0384,-0.0998,0.2848,0.0563,105627.6,4.54,0.0444,0.9556,17755.4,0.1776,3083,9,175,255,0,-14.7621,-46.2594
v33_small_account_small_defensive_lowvol_reversal_100000_12pos,100000.0,lowvol_reversal,small_defensive,12,False,False,-0.5642,0.0023,0.0402,-0.1582,0.4244,0.0287,102871.3,7.44,0.0708,0.9292,30431.7,0.3043,5244,23,339,583,0,-4.0367,-7.4793
v33_small_account_v32_guard_defensive_100000_8pos,100000.0,defensive,v32_guard,8,False,False,-0.5673,0.0046,0.036,-0.1072,0.3563,0.0763,107633.89,4.51,0.0555,0.9445,17023.11,0.1702,2818,9,341,319,0,-9.4057,-12.9839
v33_small_account_v32_guard_blend_100000_8pos,100000.0,blend,v32_guard,8,False,False,-0.5675,0.006,0.0335,-0.1019,0.3493,0.1061,110613.54,3.65,0.0429,0.9571,16163.46,0.1616,2689,13,142,299,0,-8.4749,-14.0091
v33_small_account_v32_guard_blend_100000_10pos,100000.0,blend,v32_guard,10,False,False,-0.5722,0.0034,0.0378,-0.1039,0.2961,0.0509,105087.1,3.62,0.0334,0.9666,15388.9,0.1539,2672,7,124,174,0,-8.9931,-12.4386
v33_small_account_small_defensive_ic_50000_8pos,50000.0,ic,small_defensive,8,False,False,-0.5722,0.001,0.042,-0.161,0.3706,0.0019,50094.04,4.14,0.0628,0.9372,17583.96,0.3517,3121,24,158,321,0,-3.7147,-6.1803
v33_small_account_small_defensive_blend_100000_10pos,100000.0,blend,small_defensive,10,False,False,-0.591,0.0014,0.0399,-0.1707,0.4284,0.0123,101231.93,6.45,0.0581,0.9419,25966.07,0.2597,4497,16,281,547,0,-4.7443,-7.8084
v33_small_account_small_defensive_lowvol_reversal_50000_8pos,50000.0,lowvol_reversal,small_defensive,8,False,False,-0.5923,-0.0,0.0422,-0.155,0.3723,-0.0167,49165.49,4.12,0.0652,0.9348,16930.51,0.3386,3006,14,177,336,0,-3.2648,-5.9107
v33_small_account_v32_guard_ic_50000_8pos,50000.0,ic,v32_guard,8,False,False,-0.6007,0.0026,0.0372,-0.1002,0.1874,0.0373,51865.49,1.81,0.0255,0.9745,7328.51,0.1466,1309,10,106,113,0,-12.72,-34.7499
v33_small_account_small_defensive_blend_50000_8pos,50000.0,blend,small_defensive,8,False,False,-0.6034,0.0011,0.0396,-0.1667,0.3478,0.0066,50331.34,3.82,0.0534,0.9466,15711.66,0.3142,2809,8,127,318,0,-4.0821,-6.6034
v33_small_account_small_defensive_blend_100000_12pos,100000.0,blend,small_defensive,12,False,False,-0.6173,0.0016,0.038,-0.1786,0.414,0.0157,101566.65,7.21,0.0575,0.9425,28364.35,0.2836,4986,16,308,662,0,-4.8047,-7.6634
v33_small_account_small_defensive_defensive_50000_10pos,50000.0,defensive,small_defensive,10,False,False,-0.6329,0.0013,0.0375,-0.1585,0.344,0.0109,50545.24,4.83,0.0628,0.9372,17508.76,0.3502,3175,7,236,399,0,-3.8452,-6.5731
v33_small_account_small_defensive_ic_100000_12pos,100000.0,ic,small_defensive,12,False,False,-0.6358,-0.0007,0.0404,-0.1732,0.4184,-0.0282,97180.7,7.25,0.0662,0.9338,30322.3,0.3032,5259,40,336,566,0,-3.9034,-6.4532
v33_small_account_v32_guard_ic_100000_8pos,100000.0,ic,v32_guard,8,False,False,-0.64,0.0021,0.0358,-0.1039,0.3363,0.0277,102772.35,3.42,0.0456,0.9544,15668.65,0.1567,2580,25,135,227,0,-7.4173,-12.8611
v33_small_account_v32_guard_lowvol_reversal_100000_8pos,100000.0,lowvol_reversal,v32_guard,8,False,False,-0.6831,0.0023,0.0332,-0.1046,0.3387,0.0334,103340.62,3.81,0.0406,0.9594,15449.38,0.1545,2617,11,257,225,0,-7.5015,-13.6362
v33_small_account_v32_guard_defensive_50000_5pos,50000.0,defensive,v32_guard,5,False,False,-0.6918,-0.0013,0.0381,-0.1011,0.2776,-0.0377,48113.93,2.33,0.0524,0.9476,9273.07,0.1855,1587,5,138,110,0,-10.5329,-18.4084
v33_small_account_small_defensive_defensive_100000_12pos,100000.0,defensive,small_defensive,12,False,False,-0.6938,-0.0011,0.0376,-0.1763,0.4152,-0.0324,96760.52,7.66,0.0685,0.9315,28129.48,0.2813,4937,12,390,631,0,-4.3129,-6.8589
