name,capital,risk_profile,rank_mode,max_assets,rebalance_freq,small_account_minimum_gate_passes,small_account_executable_gate_passes,sharpe_ratio,annual_return,annual_volatility,max_drawdown,win_rate,total_return,final_nav,avg_holdings,avg_asset_exposure,avg_cash_weight,total_fees,fees_pct_initial_capital,orders,lot_blocked_targets,cash_blocked_buys,avg_oos_sharpe,min_oos_sharpe
v34_etf_ultra_guard_momentum_200000_1asset_20d,200000.0,ultra_guard,momentum,1,20,False,True,0.5997,0.0703,0.0755,-0.1748,0.6736,1.3049,460987.94,1.5,0.9661,0.0339,5246.76,0.0262,184,0,1,-0.3613,-1.5673
v34_etf_balanced_risk_adjusted_200000_1asset_40d,200000.0,balanced,risk_adjusted,1,40,False,True,0.5695,0.141,0.2037,-0.479,0.6771,3.4278,885557.58,1.44,0.976,0.024,20017.02,0.1001,94,0,0,-0.062,-1.1404
v34_etf_balanced_risk_adjusted_100000_1asset_40d,100000.0,balanced,risk_adjusted,1,40,False,True,0.5678,0.1406,0.2037,-0.479,0.6768,3.4076,440760.01,1.41,0.9653,0.0347,9988.39,0.0999,92,2,0,-0.0636,-1.1436
v34_etf_capital_guard_risk_adjusted_200000_1asset_40d,200000.0,capital_guard,risk_adjusted,1,40,False,True,0.5648,0.0888,0.113,-0.3241,0.7156,1.7759,555176.2,1.28,0.9642,0.0358,6214.3,0.0311,76,0,0,0.0025,-0.8028
v34_etf_balanced_risk_adjusted_50000_1asset_40d,50000.0,balanced,risk_adjusted,1,40,False,True,0.5643,0.1399,0.2036,-0.4792,0.663,3.3675,218377.25,1.12,0.9471,0.0529,5018.35,0.1004,90,25,0,-0.0656,-1.1428
v34_etf_capital_guard_risk_adjusted_100000_1asset_40d,100000.0,capital_guard,risk_adjusted,1,40,False,True,0.5616,0.0884,0.1129,-0.3241,0.7156,1.7617,276167.36,1.28,0.9541,0.0459,3128.24,0.0313,74,0,0,0.0034,-0.8013
v34_etf_ultra_guard_momentum_100000_1asset_20d,100000.0,ultra_guard,momentum,1,20,False,True,0.5575,0.0669,0.0752,-0.1752,0.6736,1.2122,221215.51,1.5,0.949,0.051,2750.59,0.0275,176,0,1,-0.3684,-1.5731
v34_etf_capital_guard_risk_adjusted_50000_1asset_40d,50000.0,capital_guard,risk_adjusted,1,40,False,True,0.5537,0.0867,0.1114,-0.3241,0.7165,1.7085,135424.86,1.28,0.9219,0.0781,1507.74,0.0302,70,0,0,-0.0084,-0.8254
v34_etf_ultra_guard_momentum_50000_1asset_20d,50000.0,ultra_guard,momentum,1,20,False,True,0.5453,0.0659,0.0749,-0.1739,0.6726,1.1837,109183.77,1.5,0.9201,0.0799,1513.03,0.0303,155,0,1,-0.4066,-1.5959
v34_etf_defensive_risk_adjusted_200000_1asset_40d,200000.0,defensive,risk_adjusted,1,40,False,True,0.5339,0.0918,0.1252,-0.3337,0.6842,1.8302,566039.62,1.4,0.9642,0.0358,9333.18,0.0467,95,0,0,-0.3324,-1.8295
v34_etf_defensive_risk_adjusted_100000_1asset_40d,100000.0,defensive,risk_adjusted,1,40,False,True,0.531,0.0915,0.1252,-0.3336,0.6842,1.8169,281686.84,1.4,0.953,0.047,4653.56,0.0465,93,0,0,-0.3347,-1.8336
v34_etf_defensive_risk_adjusted_50000_1asset_40d,50000.0,defensive,risk_adjusted,1,40,False,True,0.5259,0.0908,0.125,-0.3335,0.6842,1.7928,139641.6,1.4,0.9337,0.0663,2330.8,0.0466,90,0,0,-0.3383,-1.8471
v34_etf_defensive_risk_adjusted_200000_1asset_20d,200000.0,defensive,risk_adjusted,1,20,False,True,0.5242,0.0911,0.1261,-0.3109,0.6739,1.8009,560178.73,1.42,0.9672,0.0328,11641.77,0.0582,166,0,1,-0.2753,-1.8337
v34_etf_defensive_risk_adjusted_100000_1asset_20d,100000.0,defensive,risk_adjusted,1,20,False,True,0.5208,0.0907,0.1261,-0.3108,0.6739,1.785,278497.43,1.42,0.9544,0.0456,5896.87,0.059,156,0,1,-0.2785,-1.8358
v34_etf_defensive_risk_adjusted_50000_1asset_20d,50000.0,defensive,risk_adjusted,1,20,False,True,0.5133,0.0896,0.1259,-0.3101,0.6739,1.75,137498.41,1.42,0.9341,0.0659,3027.29,0.0605,150,0,1,-0.2806,-1.8451
v34_etf_capital_guard_risk_adjusted_200000_2asset_40d,200000.0,capital_guard,risk_adjusted,2,40,False,True,0.5082,0.0748,0.0979,-0.2858,0.7079,1.3787,475741.86,1.67,0.9734,0.0266,5223.74,0.0261,121,0,1,-0.3593,-1.2997
v34_etf_balanced_risk_adjusted_200000_1asset_20d,200000.0,balanced,risk_adjusted,1,20,False,True,0.5078,0.129,0.2049,-0.4742,0.6682,2.8059,761179.78,1.46,0.9785,0.0215,21929.62,0.1096,156,0,1,-0.0454,-1.1451
v34_etf_balanced_risk_adjusted_100000_1asset_20d,100000.0,balanced,risk_adjusted,1,20,False,True,0.5062,0.1287,0.2048,-0.4741,0.6672,2.7898,378979.36,1.42,0.9697,0.0303,10999.54,0.11,150,6,1,-0.0471,-1.1474
v34_etf_capital_guard_risk_adjusted_100000_2asset_40d,100000.0,capital_guard,risk_adjusted,2,40,False,True,0.506,0.0745,0.0978,-0.2857,0.7076,1.3708,237083.12,1.67,0.9634,0.0366,2656.88,0.0266,117,0,1,-0.3727,-1.3603
v34_etf_ultra_guard_momentum_200000_3asset_20d,200000.0,ultra_guard,momentum,3,20,False,True,0.5046,0.0555,0.0605,-0.1577,0.6621,0.945,389004.45,2.59,0.9572,0.0428,4988.45,0.0249,374,0,0,-0.2689,-1.2408
v34_etf_ultra_guard_momentum_200000_2asset_40d,200000.0,ultra_guard,momentum,2,40,False,True,0.5025,0.0566,0.063,-0.1729,0.6685,0.968,393608.54,2.05,0.963,0.037,3360.76,0.0168,166,0,0,-0.2438,-1.0579
v34_etf_balanced_risk_adjusted_50000_1asset_20d,50000.0,balanced,risk_adjusted,1,20,False,True,0.5015,0.1276,0.2047,-0.4741,0.6589,2.7429,187146.4,1.08,0.9443,0.0557,5539.3,0.1108,143,59,1,-0.0481,-1.1481
v34_etf_defensive_risk_adjusted_200000_2asset_60d,200000.0,defensive,risk_adjusted,2,60,False,True,0.4984,0.0817,0.1137,-0.3068,0.6765,1.5377,507549.9,1.85,0.9749,0.0251,5216.7,0.0261,96,0,0,-0.9717,-2.9152
v34_etf_capital_guard_risk_adjusted_50000_2asset_40d,50000.0,capital_guard,risk_adjusted,2,40,False,True,0.4975,0.0735,0.0975,-0.2855,0.7076,1.3432,117158.91,1.67,0.9432,0.0568,1388.59,0.0278,110,0,0,-0.3985,-1.4199
v34_etf_ultra_guard_momentum_100000_3asset_20d,100000.0,ultra_guard,momentum,3,20,False,True,0.4972,0.0549,0.0601,-0.1556,0.6624,0.9297,192972.86,2.57,0.9492,0.0508,3148.34,0.0315,356,4,0,-0.2924,-1.246
v34_etf_ultra_guard_momentum_100000_2asset_40d,100000.0,ultra_guard,momentum,2,40,False,True,0.4963,0.0562,0.0628,-0.1725,0.6678,0.9568,195676.6,2.05,0.9517,0.0483,1829.0,0.0183,158,0,1,-0.2624,-1.0744
v34_etf_defensive_risk_adjusted_100000_2asset_60d,100000.0,defensive,risk_adjusted,2,60,False,True,0.494,0.0811,0.1137,-0.3073,0.6765,1.5216,252155.77,1.85,0.962,0.038,2650.73,0.0265,94,0,0,-1.0483,-3.0943
v34_etf_defensive_risk_adjusted_50000_2asset_60d,50000.0,defensive,risk_adjusted,2,60,False,True,0.4921,0.0808,0.1134,-0.3059,0.6768,1.5116,125579.16,1.85,0.9568,0.0432,1385.24,0.0277,91,0,0,-1.0322,-3.0552
v34_etf_ultra_guard_momentum_200000_3asset_40d,200000.0,ultra_guard,momentum,3,40,False,True,0.4893,0.0545,0.0602,-0.1817,0.6691,0.9196,383913.71,2.51,0.9607,0.0393,3111.09,0.0156,205,0,0,-0.4143,-1.1986
v34_etf_capital_guard_defensive_200000_1asset_40d,200000.0,capital_guard,defensive,1,40,False,True,0.4879,0.0781,0.1089,-0.3242,0.7213,1.4453,489069.04,1.23,0.9625,0.0375,5597.66,0.028,67,0,0,-0.1115,-0.7981
v34_etf_capital_guard_defensive_100000_1asset_40d,100000.0,capital_guard,defensive,1,40,False,True,0.4847,0.0777,0.1088,-0.3241,0.7213,1.4333,243325.13,1.23,0.9491,0.0509,2795.17,0.028,67,0,0,-0.1207,-0.8125
v34_etf_ultra_guard_momentum_50000_2asset_40d,50000.0,ultra_guard,momentum,2,40,False,True,0.4846,0.0552,0.0623,-0.1713,0.6666,0.9336,96678.63,2.03,0.9359,0.0641,1221.87,0.0244,153,2,0,-0.2764,-1.0727
v34_etf_capital_guard_defensive_50000_1asset_40d,50000.0,capital_guard,defensive,1,40,False,True,0.4837,0.0768,0.1071,-0.3231,0.7217,1.4118,120591.74,1.23,0.9265,0.0735,1361.26,0.0272,66,0,0,-0.1291,-0.8103
v34_etf_capital_guard_momentum_200000_3asset_20d,200000.0,capital_guard,momentum,3,20,False,True,0.4822,0.0705,0.0944,-0.2733,0.6422,1.2664,453280.84,2.63,0.9732,0.0268,8207.56,0.041,417,0,0,-0.4518,-1.7933
v34_etf_ultra_guard_momentum_100000_3asset_40d,100000.0,ultra_guard,momentum,3,40,False,True,0.4822,0.0539,0.06,-0.1813,0.6691,0.9073,190734.4,2.48,0.9473,0.0527,1838.2,0.0184,196,3,0,-0.4197,-1.209
v34_etf_capital_guard_momentum_100000_3asset_20d,100000.0,capital_guard,momentum,3,20,False,True,0.4816,0.0699,0.0933,-0.2718,0.6419,1.2526,225258.89,2.63,0.9623,0.0377,4486.01,0.0449,396,0,0,-0.4932,-1.8374
v34_etf_capital_guard_momentum_50000_3asset_20d,50000.0,capital_guard,momentum,3,20,False,True,0.4791,0.0726,0.0994,-0.2699,0.64,1.3128,115640.41,2.59,0.9429,0.0571,2773.69,0.0555,345,0,0,-0.5664,-2.1478
v34_etf_ultra_guard_momentum_200000_2asset_60d,200000.0,ultra_guard,momentum,2,60,False,True,0.4756,0.0551,0.0633,-0.1853,0.664,0.9301,386013.25,2.02,0.9582,0.0418,2546.75,0.0127,117,0,0,-0.4477,-1.6635
v34_etf_defensive_risk_adjusted_200000_3asset_60d,200000.0,defensive,risk_adjusted,3,60,False,True,0.4738,0.0766,0.109,-0.321,0.6726,1.4005,480109.72,2.27,0.973,0.027,4656.28,0.0233,128,0,0,-0.9243,-2.9492
v34_etf_defensive_defensive_200000_3asset_60d,200000.0,defensive,defensive,3,60,False,True,0.4725,0.0749,0.1056,-0.3219,0.6829,1.3592,471842.68,2.21,0.9677,0.0323,4928.92,0.0246,126,0,0,-0.8925,-2.8851
v34_etf_balanced_defensive_200000_1asset_40d,200000.0,balanced,defensive,1,40,False,True,0.4712,0.1139,0.1887,-0.4789,0.7108,2.2841,656823.39,1.31,0.9732,0.0268,15220.11,0.0761,79,0,0,0.1869,-0.7451
v34_etf_ultra_guard_momentum_100000_2asset_60d,100000.0,ultra_guard,momentum,2,60,False,True,0.4707,0.0547,0.0631,-0.1857,0.6653,0.9209,192090.29,2.02,0.9504,0.0496,1394.91,0.0139,113,0,0,-0.4685,-1.7029
v34_etf_balanced_defensive_100000_1asset_40d,100000.0,balanced,defensive,1,40,False,True,0.4695,0.1136,0.1887,-0.4788,0.7104,2.2706,327061.48,1.28,0.9647,0.0353,7574.62,0.0757,77,2,0,0.1854,-0.7444
v34_etf_defensive_risk_adjusted_100000_3asset_60d,100000.0,defensive,risk_adjusted,3,60,False,True,0.4692,0.076,0.1088,-0.3211,0.6726,1.3831,238314.6,2.27,0.9598,0.0402,2389.8,0.0239,124,0,0,-0.8955,-2.8781
v34_etf_defensive_defensive_100000_3asset_60d,100000.0,defensive,defensive,3,60,False,True,0.4682,0.0742,0.1051,-0.3198,0.6829,1.3412,234122.5,2.21,0.9539,0.0461,2498.4,0.025,122,0,0,-0.9691,-3.0637
v34_etf_defensive_defensive_200000_1asset_40d,200000.0,defensive,defensive,1,40,False,True,0.468,0.0818,0.1215,-0.3335,0.6883,1.5146,502915.59,1.35,0.9603,0.0397,8883.21,0.0444,89,0,0,-0.424,-1.8284
v34_etf_balanced_defensive_50000_1asset_40d,50000.0,balanced,defensive,1,40,False,True,0.4654,0.1127,0.1885,-0.4788,0.6983,2.2379,161896.85,1.03,0.9394,0.0606,3787.65,0.0758,76,23,0,0.1797,-0.7518
v34_etf_defensive_defensive_100000_1asset_40d,100000.0,defensive,defensive,1,40,False,True,0.4639,0.0813,0.1215,-0.3338,0.6883,1.4993,249926.8,1.35,0.9453,0.0547,4433.6,0.0443,86,0,0,-0.4284,-1.8307
v34_etf_defensive_risk_adjusted_50000_3asset_60d,50000.0,defensive,risk_adjusted,3,60,False,True,0.4626,0.075,0.1081,-0.3179,0.6726,1.3546,117730.5,2.27,0.9363,0.0637,1352.3,0.027,120,0,0,-1.0754,-3.2982
v34_etf_ultra_guard_momentum_50000_3asset_20d,50000.0,ultra_guard,momentum,3,20,False,True,0.4617,0.0525,0.0595,-0.1562,0.664,0.8742,93712.08,2.49,0.9084,0.0916,2214.02,0.0443,323,15,0,-0.3186,-1.3137
v34_etf_ultra_guard_risk_adjusted_200000_1asset_40d,200000.0,ultra_guard,risk_adjusted,1,40,False,True,0.4616,0.0561,0.0674,-0.1979,0.7194,0.9484,389682.76,1.24,0.9587,0.0413,3227.64,0.0161,73,0,0,-0.185,-0.8885
v34_etf_capital_guard_momentum_200000_2asset_20d,200000.0,capital_guard,momentum,2,20,False,True,0.4614,0.0716,0.101,-0.2897,0.6464,1.2791,455822.45,2.14,0.972,0.028,8108.85,0.0405,318,0,0,-0.439,-1.5902
v34_etf_ultra_guard_momentum_200000_3asset_60d,200000.0,ultra_guard,momentum,3,60,False,True,0.4602,0.053,0.0609,-0.1977,0.6746,0.8849,376985.25,2.46,0.9577,0.0423,2136.55,0.0107,138,0,0,-0.6042,-1.6154
v34_etf_defensive_defensive_50000_3asset_60d,50000.0,defensive,defensive,3,60,False,True,0.4592,0.0731,0.1046,-0.3181,0.6826,1.3093,115463.12,2.21,0.9284,0.0716,1378.78,0.0276,121,0,0,-1.1418,-3.4682
v34_etf_defensive_defensive_50000_1asset_40d,50000.0,defensive,defensive,1,40,False,True,0.4582,0.0806,0.1213,-0.3333,0.6883,1.4761,123803.51,1.35,0.9264,0.0736,2209.89,0.0442,85,0,0,-0.4343,-1.8519
v34_etf_ultra_guard_momentum_50000_3asset_40d,50000.0,ultra_guard,momentum,3,40,False,True,0.4581,0.0522,0.0594,-0.18,0.6691,0.8683,93413.17,2.44,0.9088,0.0912,1305.63,0.0261,184,6,0,-0.4705,-1.2871
v34_etf_capital_guard_momentum_100000_2asset_20d,100000.0,capital_guard,momentum,2,20,False,True,0.458,0.071,0.1004,-0.2897,0.6461,1.2633,226333.97,2.14,0.9643,0.0357,4397.43,0.044,311,0,0,-0.4508,-1.6231
v34_etf_ultra_guard_risk_adjusted_100000_1asset_40d,100000.0,ultra_guard,risk_adjusted,1,40,False,True,0.4571,0.0558,0.0673,-0.1979,0.7194,0.9404,194043.22,1.24,0.9493,0.0507,1649.88,0.0165,71,0,0,-0.1907,-0.9043
v34_etf_ultra_guard_momentum_50000_2asset_60d,50000.0,ultra_guard,momentum,2,60,False,True,0.457,0.0536,0.0625,-0.182,0.6592,0.895,94748.87,2.02,0.9374,0.0626,926.03,0.0185,114,1,0,-0.5004,-1.6895
v34_etf_balanced_risk_adjusted_200000_2asset_60d,200000.0,balanced,risk_adjusted,2,60,False,True,0.4566,0.1027,0.1702,-0.4322,0.6416,1.9802,596049.09,1.89,0.9908,0.0092,11173.11,0.0559,111,0,0,0.0353,-0.4532
v34_etf_capital_guard_momentum_50000_2asset_20d,50000.0,capital_guard,momentum,2,20,False,True,0.4565,0.0704,0.0995,-0.2854,0.647,1.2497,112487.12,2.13,0.9375,0.0625,2675.18,0.0535,301,0,0,-0.4915,-1.8397
v34_etf_capital_guard_momentum_200000_2asset_60d,200000.0,capital_guard,momentum,2,60,False,True,0.4547,0.0742,0.1081,-0.2992,0.6422,1.3301,466015.84,2.08,0.975,0.025,4925.66,0.0246,126,0,0,-0.1513,-1.0825
v34_etf_ultra_guard_defensive_200000_2asset_60d,200000.0,ultra_guard,defensive,2,60,False,True,0.4545,0.0487,0.0521,-0.1854,0.714,0.797,359396.6,1.46,0.9571,0.0429,1915.1,0.0096,67,0,0,-1.2108,-2.8214
v34_etf_balanced_risk_adjusted_100000_2asset_60d,100000.0,balanced,risk_adjusted,2,60,False,True,0.4541,0.1023,0.1701,-0.4321,0.6413,1.9634,296335.63,1.87,0.9799,0.0201,5568.37,0.0557,106,1,0,0.0249,-0.4686
v34_etf_ultra_guard_momentum_200000_2asset_20d,200000.0,ultra_guard,momentum,2,20,False,True,0.4539,0.0532,0.062,-0.1668,0.6717,0.8864,377273.34,2.07,0.9593,0.0407,4896.66,0.0245,287,0,0,-0.1861,-1.1613
v34_etf_capital_guard_momentum_50000_2asset_60d,50000.0,capital_guard,momentum,2,60,False,True,0.4536,0.0736,0.1071,-0.2956,0.6438,1.3163,115816.19,2.08,0.9364,0.0636,1394.11,0.0279,120,0,0,-0.0769,-0.6132
v34_etf_ultra_guard_momentum_100000_3asset_60d,100000.0,ultra_guard,momentum,3,60,False,True,0.4523,0.0523,0.0604,-0.195,0.6742,0.8688,186877.18,2.46,0.9404,0.0596,1256.02,0.0126,133,0,0,-0.6407,-1.6208
v34_etf_balanced_risk_adjusted_200000_2asset_40d,200000.0,balanced,risk_adjusted,2,40,False,True,0.4516,0.104,0.1749,-0.4277,0.6534,1.9975,599502.25,1.89,0.9894,0.0106,15731.35,0.0787,156,0,1,-0.2391,-1.0966
v34_etf_balanced_risk_adjusted_50000_2asset_60d,50000.0,balanced,risk_adjusted,2,60,False,True,0.4505,0.1016,0.17,-0.4325,0.6413,1.9399,146993.68,1.62,0.9634,0.0366,2834.02,0.0567,104,15,0,0.017,-0.4679
v34_etf_capital_guard_momentum_100000_2asset_60d,100000.0,capital_guard,momentum,2,60,False,True,0.4504,0.0736,0.108,-0.299,0.6422,1.3156,231564.12,2.08,0.9602,0.0398,2538.18,0.0254,125,0,0,-0.1641,-1.1016
v34_etf_defensive_defensive_200000_2asset_60d,200000.0,defensive,defensive,2,60,False,True,0.4499,0.0742,0.1093,-0.3071,0.6855,1.3269,465375.89,1.81,0.9684,0.0316,5434.51,0.0272,96,0,0,-1.0842,-2.9979
v34_etf_balanced_risk_adjusted_100000_2asset_40d,100000.0,balanced,risk_adjusted,2,40,False,True,0.4498,0.1036,0.1747,-0.4272,0.6534,1.9834,298339.7,1.86,0.9804,0.0196,7884.6,0.0788,151,2,0,-0.2424,-1.1046
v34_etf_ultra_guard_momentum_200000_1asset_40d,200000.0,ultra_guard,momentum,1,40,False,True,0.4463,0.0586,0.0753,-0.1981,0.6742,0.9949,398982.94,1.47,0.9609,0.0391,4062.96,0.0203,107,0,0,-0.4205,-1.2818
v34_etf_ultra_guard_momentum_100000_2asset_20d,100000.0,ultra_guard,momentum,2,20,False,True,0.4462,0.0526,0.0619,-0.1674,0.672,0.8738,187380.54,2.07,0.9502,0.0498,2767.26,0.0277,275,0,0,-0.1915,-1.1583
v34_etf_balanced_risk_adjusted_50000_2asset_40d,50000.0,balanced,risk_adjusted,2,40,False,True,0.4452,0.1027,0.1746,-0.4275,0.6531,1.953,147648.65,1.56,0.9618,0.0382,3995.35,0.0799,148,26,0,-0.2472,-1.1158
v34_etf_ultra_guard_defensive_100000_2asset_60d,100000.0,ultra_guard,defensive,2,60,False,True,0.4452,0.0481,0.0518,-0.1841,0.714,0.7837,178374.65,1.46,0.9376,0.0624,1006.35,0.0101,68,0,0,-1.4474,-3.3699
v34_etf_defensive_defensive_100000_2asset_60d,100000.0,defensive,defensive,2,60,False,True,0.4448,0.0735,0.1091,-0.3061,0.6858,1.3086,230856.72,1.81,0.9503,0.0497,2727.98,0.0273,94,0,0,-1.1545,-3.1617
v34_etf_balanced_momentum_200000_1asset_20d,200000.0,balanced,momentum,1,20,False,True,0.442,0.1364,0.252,-0.5868,0.5887,2.6428,728556.56,1.76,0.9805,0.0195,25016.54,0.1251,223,0,1,0.228,-1.1559
v34_etf_defensive_defensive_50000_2asset_60d,50000.0,defensive,defensive,2,60,False,True,0.442,0.073,0.1087,-0.3051,0.6855,1.2965,114827.37,1.81,0.9425,0.0575,1432.63,0.0287,93,0,0,-1.132,-3.1069
v34_etf_capital_guard_momentum_200000_1asset_20d,200000.0,capital_guard,momentum,1,20,False,True,0.4413,0.0783,0.1208,-0.3009,0.6541,1.4089,481779.21,1.53,0.969,0.031,9678.49,0.0484,184,0,2,-0.584,-2.1658
v34_etf_ultra_guard_risk_adjusted_100000_2asset_60d,100000.0,ultra_guard,risk_adjusted,2,60,False,True,0.4409,0.0497,0.0561,-0.1838,0.7194,0.8162,181616.86,1.62,0.9501,0.0499,1131.94,0.0113,82,0,0,-1.2148,-2.9137
v34_etf_balanced_momentum_100000_1asset_20d,100000.0,balanced,momentum,1,20,False,True,0.4402,0.1359,0.2519,-0.5864,0.5858,2.6213,362130.43,1.51,0.9673,0.0327,12608.67,0.1261,215,38,1,0.2266,-1.1596
v34_etf_balanced_risk_adjusted_200000_3asset_20d,200000.0,balanced,risk_adjusted,3,20,False,True,0.4399,0.0963,0.1621,-0.4351,0.647,1.7992,559839.6,2.35,0.9851,0.0149,17600.9,0.088,353,0,0,-0.1818,-1.1655
v34_etf_capital_guard_defensive_200000_1asset_20d,200000.0,capital_guard,defensive,1,20,False,True,0.439,0.0683,0.0987,-0.3011,0.7255,1.1942,438835.57,1.19,0.956,0.044,4123.13,0.0206,92,0,0,-0.6437,-1.8287
v34_etf_ultra_guard_risk_adjusted_200000_2asset_60d,200000.0,ultra_guard,risk_adjusted,2,60,False,True,0.4389,0.0498,0.0565,-0.1865,0.7245,0.8164,363283.69,1.62,0.9581,0.0419,2048.81,0.0102,79,0,0,-1.2097,-2.911
v34_etf_capital_guard_defensive_100000_1asset_20d,100000.0,capital_guard,defensive,1,20,False,True,0.4384,0.0682,0.0985,-0.3006,0.7252,1.1911,219106.64,1.19,0.9519,0.0481,2114.06,0.0211,88,0,0,-0.6452,-1.8333
v34_etf_capital_guard_momentum_100000_1asset_20d,100000.0,capital_guard,momentum,1,20,False,True,0.4383,0.0779,0.1207,-0.3007,0.6537,1.3973,239731.78,1.53,0.9594,0.0406,4949.82,0.0495,172,0,1,-0.5871,-2.1704
v34_etf_balanced_momentum_50000_1asset_20d,50000.0,balanced,momentum,1,20,False,True,0.4379,0.1352,0.2517,-0.5862,0.575,2.5928,179641.14,1.12,0.9427,0.0573,6315.56,0.1263,198,99,1,0.2223,-1.163
v34_etf_balanced_risk_adjusted_100000_3asset_20d,100000.0,balanced,risk_adjusted,3,20,False,True,0.436,0.0956,0.162,-0.4356,0.6467,1.7765,277652.23,2.32,0.9745,0.0255,9003.87,0.09,351,4,0,-0.1847,-1.1788
v34_etf_ultra_guard_momentum_50000_3asset_60d,50000.0,ultra_guard,momentum,3,60,False,True,0.4346,0.051,0.0597,-0.1922,0.6749,0.8387,91937.02,2.4,0.9049,0.0951,874.28,0.0175,120,3,0,-0.6981,-1.6685
v34_etf_capital_guard_momentum_50000_1asset_20d,50000.0,capital_guard,momentum,1,20,False,True,0.4335,0.0773,0.1205,-0.3007,0.6531,1.3788,118938.94,1.53,0.9487,0.0513,2650.96,0.053,167,0,1,-0.5884,-2.1729
v34_etf_ultra_guard_momentum_50000_2asset_20d,50000.0,ultra_guard,momentum,2,20,False,True,0.4335,0.0514,0.061,-0.1644,0.6726,0.8477,92386.42,2.03,0.9085,0.0915,1771.18,0.0354,238,6,0,-0.287,-1.2211
v34_etf_balanced_risk_adjusted_50000_3asset_20d,50000.0,balanced,risk_adjusted,3,20,False,True,0.4326,0.0947,0.1611,-0.4318,0.6461,1.7497,137485.39,2.12,0.9535,0.0465,4789.21,0.0958,337,36,0,-0.1953,-1.1994
v34_etf_capital_guard_defensive_200000_2asset_60d,200000.0,capital_guard,defensive,2,60,False,True,0.4325,0.0641,0.0904,-0.2987,0.7095,1.1026,420527.19,1.5,0.9616,0.0384,3757.81,0.0188,73,0,0,-1.1444,-2.9733
v34_etf_ultra_guard_risk_adjusted_200000_3asset_60d,200000.0,ultra_guard,risk_adjusted,3,60,False,True,0.4324,0.0484,0.0541,-0.1976,0.721,0.7883,357665.58,1.85,0.964,0.036,2036.92,0.0102,100,0,0,-0.9349,-2.7939
v34_etf_ultra_guard_risk_adjusted_50000_2asset_60d,50000.0,ultra_guard,risk_adjusted,2,60,False,True,0.4314,0.0491,0.0559,-0.1833,0.7184,0.8022,90107.55,1.62,0.9396,0.0604,724.35,0.0145,80,0,0,-1.1939,-2.8417
v34_etf_ultra_guard_defensive_50000_2asset_60d,50000.0,ultra_guard,defensive,2,60,False,True,0.4309,0.0472,0.0515,-0.1837,0.7133,0.7647,88232.7,1.46,0.9074,0.0926,636.8,0.0127,67,0,0,-1.7133,-3.9477
v34_etf_capital_guard_risk_adjusted_200000_2asset_60d,200000.0,capital_guard,risk_adjusted,2,60,False,True,0.4288,0.0682,0.1008,-0.2986,0.7127,1.1857,437137.07,1.62,0.9697,0.0303,3819.33,0.0191,80,0,0,-1.14,-2.9567
v34_etf_capital_guard_defensive_50000_1asset_20d,50000.0,capital_guard,defensive,1,20,False,True,0.4281,0.0675,0.0992,-0.3,0.7236,1.1697,108483.56,1.2,0.9126,0.0874,1231.74,0.0246,87,0,0,-0.7269,-2.1627
v34_etf_capital_guard_defensive_200000_2asset_40d,200000.0,capital_guard,defensive,2,40,False,True,0.4272,0.0643,0.0921,-0.2858,0.7127,1.1053,421058.75,1.51,0.9642,0.0358,5475.45,0.0274,108,0,0,-0.4007,-0.8883
v34_etf_capital_guard_defensive_100000_2asset_60d,100000.0,capital_guard,defensive,2,60,False,True,0.4269,0.0635,0.0903,-0.2992,0.7098,1.0887,208870.06,1.5,0.9455,0.0545,1871.44,0.0187,70,0,0,-1.2264,-3.1649
v34_etf_capital_guard_risk_adjusted_200000_1asset_20d,200000.0,capital_guard,risk_adjusted,1,20,False,True,0.4263,0.0719,0.1099,-0.3008,0.7136,1.2595,451903.02,1.28,0.96,0.04,6384.98,0.0319,118,0,0,-0.0317,-0.8366
v34_etf_capital_guard_defensive_100000_2asset_40d,100000.0,capital_guard,defensive,2,40,False,True,0.4258,0.0642,0.092,-0.2857,0.713,1.1007,210074.46,1.51,0.9588,0.0412,2780.84,0.0278,105,0,0,-0.4013,-0.8879
v34_etf_capital_guard_risk_adjusted_100000_2asset_60d,100000.0,capital_guard,risk_adjusted,2,60,False,True,0.4253,0.0678,0.1007,-0.2983,0.713,1.1754,217537.59,1.62,0.961,0.039,1945.51,0.0195,76,0,0,-1.1183,-2.9028
v34_etf_capital_guard_defensive_50000_3asset_60d,50000.0,capital_guard,defensive,3,60,False,True,0.4251,0.059,0.0799,-0.313,0.7133,0.9952,99757.87,1.65,0.9135,0.0865,869.83,0.0174,84,0,0,-1.2771,-3.5942
v34_etf_balanced_risk_adjusted_200000_3asset_60d,200000.0,balanced,risk_adjusted,3,60,False,True,0.4229,0.0913,0.1568,-0.4457,0.6365,1.66,531998.2,2.39,0.989,0.011,9067.2,0.0453,149,0,0,0.0781,-1.3015
v34_etf_capital_guard_risk_adjusted_50000_1asset_20d,50000.0,capital_guard,risk_adjusted,1,20,False,True,0.4222,0.0713,0.1097,-0.301,0.7111,1.245,112249.48,1.29,0.91,0.09,1756.52,0.0351,110,0,0,-0.0493,-0.8489
v34_etf_ultra_guard_risk_adjusted_100000_3asset_60d,100000.0,ultra_guard,risk_adjusted,3,60,False,True,0.4221,0.0477,0.0538,-0.1963,0.721,0.7734,177342.19,1.83,0.9412,0.0588,1111.31,0.0111,97,1,0,-1.1854,-3.3759
v34_etf_capital_guard_risk_adjusted_100000_1asset_20d,100000.0,capital_guard,risk_adjusted,1,20,False,True,0.421,0.0712,0.1098,-0.3004,0.7136,1.2423,224232.85,1.28,0.9436,0.0564,3241.85,0.0324,112,0,0,-0.0343,-0.8453
v34_etf_balanced_defensive_200000_2asset_60d,200000.0,balanced,defensive,2,60,False,True,0.4203,0.091,0.157,-0.4321,0.6573,1.6481,529622.23,1.71,0.9795,0.0205,9695.97,0.0485,98,0,0,0.0146,-0.7293
v34_etf_balanced_risk_adjusted_100000_3asset_60d,100000.0,balanced,risk_adjusted,3,60,False,True,0.4203,0.0908,0.1566,-0.4459,0.6365,1.645,264503.65,2.37,0.9801,0.0199,4552.35,0.0455,149,1,0,0.0667,-1.3263
v34_etf_capital_guard_defensive_50000_2asset_60d,50000.0,capital_guard,defensive,2,60,False,True,0.4196,0.0627,0.0899,-0.297,0.7095,1.0682,103408.65,1.5,0.9283,0.0717,978.25,0.0196,70,0,0,-1.1921,-3.0733
v34_etf_capital_guard_defensive_50000_2asset_40d,50000.0,capital_guard,defensive,2,40,False,True,0.4193,0.0634,0.0916,-0.2855,0.7124,1.0821,104105.54,1.51,0.9389,0.0611,1414.66,0.0283,101,0,0,-0.4161,-0.9423
v34_etf_balanced_defensive_100000_2asset_60d,100000.0,balanced,defensive,2,60,False,True,0.4184,0.0906,0.1569,-0.432,0.6573,1.6372,263720.17,1.67,0.9692,0.0308,4825.73,0.0483,97,2,0,0.0093,-0.7298
v34_etf_capital_guard_risk_adjusted_50000_2asset_60d,50000.0,capital_guard,risk_adjusted,2,60,False,True,0.4184,0.0669,0.1001,-0.2959,0.7136,1.1519,107596.21,1.62,0.9375,0.0625,1011.99,0.0202,74,0,0,-1.2936,-3.3141
v34_etf_capital_guard_risk_adjusted_200000_3asset_60d,200000.0,capital_guard,risk_adjusted,3,60,False,True,0.4172,0.0646,0.0949,-0.3125,0.7124,1.1048,420953.72,1.85,0.9714,0.0286,3761.88,0.0188,101,0,0,-0.9349,-3.0019
v34_etf_balanced_risk_adjusted_50000_3asset_60d,50000.0,balanced,risk_adjusted,3,60,False,True,0.4167,0.0901,0.1563,-0.4448,0.6352,1.6241,131205.08,2.17,0.9646,0.0354,2366.52,0.0473,146,12,0,0.0654,-1.3233
v34_etf_capital_guard_risk_adjusted_100000_3asset_20d,100000.0,capital_guard,risk_adjusted,3,20,False,True,0.4163,0.0619,0.0886,-0.273,0.7005,1.0503,205033.85,1.96,0.9565,0.0435,3423.35,0.0342,241,0,0,-0.1453,-1.1126
v34_etf_balanced_defensive_50000_2asset_60d,50000.0,balanced,defensive,2,60,False,True,0.4142,0.0899,0.1567,-0.4321,0.6576,1.6141,130706.56,1.5,0.9534,0.0466,2451.84,0.049,96,12,0,0.0076,-0.7392
v34_etf_capital_guard_momentum_200000_3asset_60d,200000.0,capital_guard,momentum,3,60,False,True,0.4141,0.0643,0.095,-0.3125,0.6496,1.0978,419564.38,2.46,0.9729,0.0271,3412.62,0.0171,140,0,0,-1.258,-3.0119
v34_etf_ultra_guard_risk_adjusted_200000_2asset_40d,200000.0,ultra_guard,risk_adjusted,2,40,False,True,0.4127,0.0491,0.0584,-0.1729,0.7101,0.799,359802.46,1.58,0.9557,0.0443,3316.14,0.0166,114,0,0,-0.46,-1.1461
v34_etf_balanced_momentum_200000_3asset_20d,200000.0,balanced,momentum,3,20,False,True,0.4125,0.1066,0.1977,-0.454,0.5612,1.9347,586948.82,3.14,0.9869,0.0131,18301.48,0.0915,495,0,0,-0.2265,-1.5867
v34_etf_capital_guard_momentum_200000_2asset_40d,200000.0,capital_guard,momentum,2,40,False,True,0.4123,0.067,0.1018,-0.2859,0.6493,1.1495,429906.64,2.08,0.9746,0.0254,5174.46,0.0259,164,0,1,-0.8543,-2.7182
v34_etf_ultra_guard_risk_adjusted_50000_1asset_40d,50000.0,ultra_guard,risk_adjusted,1,40,False,True,0.4117,0.0523,0.0664,-0.1973,0.7194,0.8606,93031.86,1.24,0.9251,0.0749,847.34,0.0169,69,0,0,-0.221,-0.9174
v34_etf_defensive_momentum_200000_2asset_60d,200000.0,defensive,momentum,2,60,False,True,0.4112,0.086,0.1483,-0.3538,0.5897,1.5298,505967.73,2.4,0.9711,0.0289,6744.07,0.0337,138,0,0,-0.2101,-1.5772
v34_etf_ultra_guard_defensive_200000_2asset_40d,200000.0,ultra_guard,defensive,2,40,False,True,0.4107,0.0455,0.05,-0.1727,0.7159,0.7307,346140.52,1.46,0.9531,0.0469,2336.88,0.0117,101,0,0,-0.7807,-1.2452
v34_etf_capital_guard_risk_adjusted_100000_3asset_60d,100000.0,capital_guard,risk_adjusted,3,60,False,True,0.4097,0.0634,0.0936,-0.3123,0.713,1.0762,207624.65,1.85,0.9579,0.0421,1875.25,0.0188,99,0,0,-0.9998,-3.1561
v34_etf_balanced_momentum_100000_3asset_20d,100000.0,balanced,momentum,3,20,False,True,0.4087,0.1057,0.1974,-0.4536,0.5605,1.9049,290494.22,3.05,0.9767,0.0233,9585.58,0.0959,478,13,0,-0.2313,-1.6003
v34_etf_capital_guard_momentum_100000_2asset_40d,100000.0,capital_guard,momentum,2,40,False,True,0.4083,0.0664,0.1015,-0.2849,0.6493,1.1364,213638.54,2.08,0.9618,0.0382,2704.46,0.027,163,0,0,-0.8574,-2.7275
v34_etf_defensive_momentum_100000_2asset_60d,100000.0,defensive,momentum,2,60,False,True,0.4076,0.0854,0.1481,-0.3536,0.5897,1.5118,251182.6,2.4,0.9588,0.0412,3455.5,0.0346,136,0,0,-0.2135,-1.5792
v34_etf_ultra_guard_risk_adjusted_50000_3asset_60d,50000.0,ultra_guard,risk_adjusted,3,60,False,True,0.4074,0.0467,0.0533,-0.1939,0.7204,0.7522,87612.11,1.81,0.9264,0.0736,751.09,0.015,93,2,0,-1.1545,-3.2771
v34_etf_balanced_defensive_200000_1asset_20d,200000.0,balanced,defensive,1,20,False,True,0.4065,0.1023,0.19,-0.4742,0.6947,1.8333,566665.79,1.33,0.9718,0.0282,19151.71,0.0958,127,0,0,0.1031,-0.7842
v34_etf_balanced_defensive_100000_1asset_20d,100000.0,balanced,defensive,1,20,False,True,0.4049,0.1019,0.1899,-0.4741,0.6941,1.8213,282128.72,1.3,0.9647,0.0353,9579.28,0.0958,124,5,0,0.1016,-0.7833
v34_etf_defensive_momentum_50000_2asset_60d,50000.0,defensive,momentum,2,60,False,True,0.4046,0.0847,0.1476,-0.3525,0.59,1.4941,124704.71,2.4,0.9453,0.0547,1830.69,0.0366,132,0,0,-0.2176,-1.5827
v34_etf_capital_guard_momentum_100000_3asset_60d,100000.0,capital_guard,momentum,3,60,False,True,0.4041,0.0624,0.0926,-0.3116,0.6499,1.0543,205426.88,2.46,0.9585,0.0415,1815.82,0.0182,138,0,0,-1.3687,-3.0656
v34_etf_ultra_guard_risk_adjusted_100000_2asset_40d,100000.0,ultra_guard,risk_adjusted,2,40,False,True,0.4036,0.0485,0.0583,-0.1725,0.7101,0.7862,178615.2,1.58,0.9416,0.0584,1709.6,0.0171,110,0,0,-0.4714,-1.1451
v34_etf_capital_guard_risk_adjusted_50000_3asset_60d,50000.0,capital_guard,risk_adjusted,3,60,False,True,0.4023,0.0624,0.0931,-0.3106,0.7178,1.0538,102689.79,1.81,0.9356,0.0644,1034.61,0.0207,94,0,0,-0.9571,-3.0465
v34_etf_balanced_momentum_50000_3asset_20d,50000.0,balanced,momentum,3,20,False,True,0.4012,0.104,0.1968,-0.4516,0.5602,1.8484,142419.49,2.67,0.9424,0.0576,5308.31,0.1062,462,73,0,-0.245,-1.6314
v34_etf_balanced_defensive_50000_1asset_20d,50000.0,balanced,defensive,1,20,False,True,0.4012,0.1012,0.1899,-0.4743,0.6864,1.797,139850.45,1.03,0.9392,0.0608,4825.85,0.0965,119,47,0,0.0946,-0.7928
v34_etf_capital_guard_momentum_50000_2asset_40d,50000.0,capital_guard,momentum,2,40,False,True,0.4012,0.0657,0.1013,-0.2862,0.6489,1.116,105801.91,2.08,0.9432,0.0568,1562.59,0.0313,156,0,0,-0.8792,-2.7573
v34_etf_capital_guard_momentum_200000_3asset_40d,200000.0,capital_guard,momentum,3,40,False,True,0.4005,0.0637,0.0967,-0.2976,0.6432,1.0777,415537.92,2.6,0.9743,0.0257,4902.78,0.0245,225,0,0,-0.758,-2.1633
v34_etf_defensive_risk_adjusted_200000_3asset_20d,200000.0,defensive,risk_adjusted,3,20,False,True,0.3995,0.0688,0.1096,-0.283,0.6656,1.1756,435124.6,2.32,0.9678,0.0322,10298.7,0.0515,348,0,1,-0.448,-1.9021
v34_etf_ultra_guard_defensive_100000_2asset_40d,100000.0,ultra_guard,defensive,2,40,False,True,0.3982,0.0449,0.0499,-0.1727,0.7159,0.7166,171660.87,1.46,0.9356,0.0644,1224.13,0.0122,98,0,0,-0.8021,-1.3296
v34_etf_defensive_momentum_200000_1asset_20d,200000.0,defensive,momentum,1,20,False,True,0.398,0.0882,0.1588,-0.4115,0.5865,1.5492,509845.69,1.71,0.9696,0.0304,14657.01,0.0733,247,0,1,-0.361,-1.8514
v34_etf_defensive_risk_adjusted_200000_2asset_40d,200000.0,defensive,risk_adjusted,2,40,False,True,0.3967,0.0702,0.1141,-0.2942,0.6762,1.2019,440386.72,1.86,0.9705,0.0295,8312.18,0.0416,148,0,1,-0.5699,-1.7827
v34_etf_defensive_risk_adjusted_100000_3asset_20d,100000.0,defensive,risk_adjusted,3,20,False,True,0.3964,0.0683,0.1091,-0.2805,0.6656,1.1632,216319.58,2.32,0.9555,0.0445,5434.22,0.0543,334,0,0,-0.4543,-1.9107
v34_etf_defensive_momentum_100000_1asset_20d,100000.0,defensive,momentum,1,20,False,True,0.3954,0.0877,0.1587,-0.4112,0.5865,1.5353,253525.77,1.71,0.9577,0.0423,7461.13,0.0746,229,0,1,-0.3625,-1.8517
v34_etf_ultra_guard_risk_adjusted_200000_1asset_20d,200000.0,ultra_guard,risk_adjusted,1,20,False,True,0.3954,0.0503,0.064,-0.1747,0.7152,0.8179,363585.0,1.3,0.9586,0.0414,3613.5,0.0181,116,0,0,-0.2056,-0.9308
v34_etf_capital_guard_momentum_50000_3asset_60d,50000.0,capital_guard,momentum,3,60,False,True,0.3953,0.0614,0.0922,-0.3113,0.6499,1.0307,101537.21,2.46,0.9383,0.0617,1141.79,0.0228,137,0,0,-1.5816,-3.553
v34_etf_balanced_defensive_200000_2asset_40d,200000.0,balanced,defensive,2,40,False,True,0.3951,0.0888,0.1614,-0.4276,0.6595,1.5537,510749.77,1.73,0.9784,0.0216,14170.23,0.0709,147,0,0,-0.4689,-1.2739
v34_etf_defensive_risk_adjusted_100000_2asset_40d,100000.0,defensive,risk_adjusted,2,40,False,True,0.3939,0.0699,0.114,-0.2942,0.6762,1.1926,219257.26,1.86,0.96,0.04,4206.54,0.0421,145,0,1,-0.5747,-1.7914
v34_etf_capital_guard_defensive_200000_3asset_20d,200000.0,capital_guard,defensive,3,20,False,True,0.3927,0.0556,0.0779,-0.2727,0.7024,0.9174,383475.96,1.77,0.9572,0.0428,4987.44,0.0249,223,0,0,-0.3917,-1.082
v34_etf_balanced_defensive_100000_2asset_40d,100000.0,balanced,defensive,2,40,False,True,0.3923,0.0883,0.1612,-0.4276,0.6595,1.5385,253852.61,1.69,0.9641,0.0359,7027.99,0.0703,143,3,0,-0.4734,-1.2763
v34_etf_capital_guard_momentum_100000_3asset_40d,100000.0,capital_guard,momentum,3,40,False,True,0.3919,0.0628,0.0964,-0.2973,0.6429,1.0546,205463.33,2.6,0.9515,0.0485,2679.27,0.0268,218,0,0,-0.7808,-2.1919
v34_etf_balanced_momentum_200000_1asset_60d,200000.0,balanced,momentum,1,60,False,True,0.391,0.1199,0.2428,-0.4868,0.5839,2.0591,611811.1,1.79,0.977,0.023,12144.5,0.0607,86,0,1,0.5213,-0.3834
v34_etf_defensive_defensive_200000_1asset_20d,200000.0,defensive,defensive,1,20,False,True,0.3908,0.0724,0.1213,-0.311,0.6787,1.2376,447525.83,1.38,0.9567,0.0433,10605.37,0.053,155,0,1,-0.4675,-1.8304
v34_etf_balanced_momentum_100000_1asset_60d,100000.0,balanced,momentum,1,60,False,True,0.3896,0.1195,0.2427,-0.4866,0.5823,2.0451,304512.25,1.69,0.967,0.033,6076.45,0.0608,82,5,0,0.5186,-0.3834
v34_etf_balanced_defensive_50000_2asset_40d,50000.0,balanced,defensive,2,40,False,True,0.3888,0.0876,0.1611,-0.4275,0.6592,1.5193,125963.57,1.51,0.9464,0.0536,3563.43,0.0713,142,18,0,-0.4775,-1.2823
v34_etf_ultra_guard_risk_adjusted_50000_2asset_40d,50000.0,ultra_guard,risk_adjusted,2,40,False,True,0.3885,0.0475,0.0579,-0.171,0.7098,0.7642,88209.53,1.58,0.913,0.087,1020.07,0.0204,108,0,0,-0.5141,-1.1896
v34_etf_defensive_risk_adjusted_200000_3asset_40d,200000.0,defensive,risk_adjusted,3,40,False,True,0.3884,0.0673,0.1088,-0.3071,0.6717,1.1374,427471.0,2.3,0.9716,0.0284,7467.7,0.0373,198,0,0,-0.5889,-2.2746
v34_etf_defensive_risk_adjusted_50000_2asset_40d,50000.0,defensive,risk_adjusted,2,40,False,True,0.3881,0.0691,0.1136,-0.2927,0.6758,1.1719,108596.5,1.86,0.9388,0.0612,2133.2,0.0427,138,0,0,-0.582,-1.7997
v34_etf_defensive_momentum_50000_1asset_20d,50000.0,defensive,momentum,1,20,False,True,0.3877,0.0864,0.1585,-0.4113,0.5862,1.4954,124767.87,1.71,0.9276,0.0724,3782.33,0.0756,211,0,1,-0.3676,-1.8565
v34_etf_defensive_risk_adjusted_200000_1asset_60d,200000.0,defensive,risk_adjusted,1,60,False,True,0.3876,0.0722,0.1219,-0.2677,0.6784,1.231,446206.04,1.4,0.9706,0.0294,5235.46,0.0262,63,0,0,-1.0559,-2.9973
v34_etf_defensive_defensive_100000_1asset_20d,100000.0,defensive,defensive,1,20,False,True,0.3871,0.0719,0.1212,-0.3111,0.6791,1.2245,222445.48,1.38,0.9417,0.0583,5348.22,0.0535,147,0,1,-0.473,-1.8421
v34_etf_defensive_risk_adjusted_100000_1asset_60d,100000.0,defensive,risk_adjusted,1,60,False,True,0.3857,0.072,0.1218,-0.2674,0.6784,1.2236,222363.13,1.4,0.964,0.036,2639.77,0.0264,61,0,0,-1.0435,-2.9652
v34_etf_balanced_momentum_50000_1asset_60d,50000.0,balanced,momentum,1,60,False,True,0.3855,0.1185,0.2426,-0.4867,0.5772,2.0072,150358.65,1.19,0.9355,0.0645,3047.95,0.061,80,32,0,0.5134,-0.3877
v34_etf_defensive_risk_adjusted_50000_3asset_20d,50000.0,defensive,risk_adjusted,3,20,False,True,0.3847,0.0668,0.1085,-0.2777,0.6656,1.1248,106242.11,2.32,0.9201,0.0799,3136.89,0.0627,315,0,0,-0.4718,-1.9562
v34_etf_defensive_risk_adjusted_100000_3asset_40d,100000.0,defensive,risk_adjusted,3,40,False,True,0.3846,0.0667,0.1085,-0.3057,0.672,1.1245,212453.7,2.3,0.958,0.042,3816.7,0.0382,191,0,0,-0.5938,-2.291
v34_etf_capital_guard_defensive_100000_3asset_20d,100000.0,capital_guard,defensive,3,20,False,True,0.3842,0.0548,0.0776,-0.2721,0.7024,0.8997,189967.43,1.77,0.944,0.056,2724.67,0.0272,212,0,1,-0.4047,-1.0753
v34_etf_capital_guard_momentum_50000_3asset_40d,50000.0,capital_guard,momentum,3,40,False,True,0.3816,0.0615,0.0957,-0.295,0.6435,1.0247,101233.08,2.57,0.9199,0.0801,1723.62,0.0345,212,0,0,-0.8136,-2.2469
v34_etf_balanced_defensive_200000_3asset_60d,200000.0,balanced,defensive,3,60,False,True,0.3801,0.0792,0.1426,-0.4462,0.6637,1.3506,470122.95,2.1,0.9827,0.0173,7689.35,0.0384,126,0,0,-0.0208,-1.2967
v34_etf_capital_guard_defensive_50000_3asset_20d,50000.0,capital_guard,defensive,3,20,False,True,0.3791,0.0541,0.0768,-0.2675,0.7018,0.8848,94241.44,1.77,0.934,0.066,1720.76,0.0344,202,0,1,-0.4237,-1.0784
v34_etf_defensive_risk_adjusted_50000_1asset_60d,50000.0,defensive,risk_adjusted,1,60,False,True,0.3782,0.071,0.1217,-0.2677,0.6781,1.1983,109914.25,1.4,0.9412,0.0588,1341.85,0.0268,60,0,0,-0.9976,-2.8511
v34_etf_defensive_defensive_50000_1asset_20d,50000.0,defensive,defensive,1,20,False,True,0.3782,0.0708,0.121,-0.3109,0.6787,1.1941,109705.4,1.38,0.9128,0.0872,2703.1,0.0541,141,0,1,-0.4779,-1.8458
v34_etf_balanced_risk_adjusted_200000_1asset_60d,200000.0,balanced,risk_adjusted,1,60,False,True,0.3781,0.0992,0.1963,-0.3883,0.6688,1.6877,537545.32,1.44,0.9873,0.0127,10601.58,0.053,66,0,0,0.2266,-0.2439
v34_etf_balanced_defensive_100000_3asset_60d,100000.0,balanced,defensive,3,60,False,True,0.3772,0.0787,0.1424,-0.4456,0.6634,1.3373,233729.83,2.1,0.9704,0.0296,3851.47,0.0385,126,0,0,-0.0377,-1.3524
v34_etf_ultra_guard_defensive_200000_3asset_60d,200000.0,ultra_guard,defensive,3,60,False,True,0.3772,0.0432,0.0482,-0.1967,0.7181,0.6827,336536.03,1.62,0.9597,0.0403,1665.27,0.0083,80,0,0,-1.1428,-2.9343
v34_etf_balanced_risk_adjusted_100000_1asset_60d,100000.0,balanced,risk_adjusted,1,60,False,True,0.3759,0.0988,0.1963,-0.3885,0.6688,1.673,267296.65,1.4,0.978,0.022,5268.25,0.0527,64,2,0,0.2251,-0.2528
v34_etf_capital_guard_risk_adjusted_200000_3asset_20d,200000.0,capital_guard,risk_adjusted,3,20,False,True,0.3757,0.0576,0.0867,-0.2732,0.7012,0.9476,389511.53,1.96,0.9689,0.0311,6110.07,0.0306,257,0,0,-0.1566,-1.0966
v34_etf_balanced_risk_adjusted_200000_3asset_40d,200000.0,balanced,risk_adjusted,3,40,False,True,0.375,0.0849,0.1598,-0.4415,0.647,1.4432,488641.16,2.35,0.9883,0.0117,12935.94,0.0647,209,0,0,-0.2976,-1.0599
v34_etf_balanced_defensive_200000_3asset_20d,200000.0,balanced,defensive,3,20,False,True,0.3745,0.0817,0.1515,-0.4352,0.6595,1.3863,477258.95,2.14,0.977,0.023,15380.15,0.0769,321,0,0,-0.3442,-0.9997
v34_etf_capital_guard_defensive_200000_2asset_20d,200000.0,capital_guard,defensive,2,20,False,True,0.3742,0.0577,0.0873,-0.2895,0.712,0.9483,389665.6,1.51,0.9563,0.0437,5956.3,0.0298,176,0,0,-0.2517,-0.8302
v34_etf_capital_guard_risk_adjusted_200000_2asset_20d,200000.0,capital_guard,risk_adjusted,2,20,False,True,0.3735,0.0591,0.0914,-0.2892,0.7069,0.9752,395036.65,1.64,0.964,0.036,5515.55,0.0276,188,0,0,-0.4623,-1.3844
v34_etf_capital_guard_risk_adjusted_50000_2asset_20d,50000.0,capital_guard,risk_adjusted,2,20,False,True,0.3734,0.0577,0.0876,-0.2882,0.7066,0.9487,97435.7,1.62,0.8951,0.1049,1618.7,0.0324,172,0,0,-0.5611,-1.5998
v34_etf_defensive_risk_adjusted_50000_3asset_40d,50000.0,defensive,risk_adjusted,3,40,False,True,0.3731,0.0653,0.1081,-0.3057,0.6714,1.0892,104460.61,2.3,0.9298,0.0702,2120.89,0.0424,190,0,0,-0.6052,-2.286
v34_etf_balanced_risk_adjusted_100000_3asset_40d,100000.0,balanced,risk_adjusted,3,40,False,True,0.3728,0.0845,0.1596,-0.4404,0.647,1.4307,243073.18,2.32,0.9793,0.0207,6510.82,0.0651,207,2,0,-0.2995,-1.0585
v34_etf_capital_guard_risk_adjusted_200000_3asset_40d,200000.0,capital_guard,risk_adjusted,3,40,False,True,0.372,0.0591,0.0917,-0.2987,0.7079,0.9742,394841.3,1.9,0.9677,0.0323,5075.5,0.0254,148,0,0,-0.2474,-1.1403
v34_etf_balanced_risk_adjusted_50000_1asset_60d,50000.0,balanced,risk_adjusted,1,60,False,True,0.3718,0.098,0.1962,-0.3888,0.6659,1.6462,132309.15,1.1,0.9518,0.0482,2649.25,0.053,63,19,0,0.215,-0.2531
v34_etf_balanced_defensive_100000_3asset_20d,100000.0,balanced,defensive,3,20,False,True,0.3714,0.0811,0.1511,-0.4335,0.6592,1.3701,237006.44,2.13,0.9659,0.0341,7829.16,0.0783,311,1,0,-0.3505,-1.0083
v34_etf_defensive_momentum_200000_1asset_40d,200000.0,defensive,momentum,1,40,False,True,0.3713,0.0835,0.1575,-0.4098,0.5996,1.4105,482106.41,1.68,0.9657,0.0343,9471.49,0.0474,134,0,0,-0.4156,-1.7455
v34_etf_balanced_defensive_50000_3asset_60d,50000.0,balanced,defensive,3,60,False,True,0.3713,0.0776,0.1418,-0.444,0.6637,1.3091,115453.5,1.98,0.9519,0.0481,2000.4,0.04,126,6,0,-0.0368,-1.3361
v34_etf_capital_guard_defensive_100000_2asset_20d,100000.0,capital_guard,defensive,2,20,False,True,0.3704,0.0573,0.0872,-0.2894,0.712,0.9395,193948.82,1.51,0.9479,0.0521,3093.58,0.0309,168,0,0,-0.2587,-0.8281
v34_etf_capital_guard_risk_adjusted_100000_2asset_20d,100000.0,capital_guard,risk_adjusted,2,20,False,True,0.3696,0.0585,0.0908,-0.2884,0.7066,0.9621,196205.02,1.64,0.9481,0.0519,2833.78,0.0283,181,0,0,-0.4854,-1.4169
v34_etf_balanced_momentum_200000_1asset_40d,200000.0,balanced,momentum,1,40,False,True,0.3695,0.1157,0.2455,-0.5337,0.6041,1.8788,575768.5,1.72,0.976,0.024,17274.9,0.0864,125,0,0,-0.0212,-1.0662
v34_etf_defensive_momentum_100000_1asset_40d,100000.0,defensive,momentum,1,40,False,True,0.3687,0.083,0.1575,-0.41,0.5996,1.3979,239791.12,1.68,0.9532,0.0468,4791.18,0.0479,127,0,0,-0.4171,-1.7453
v34_etf_defensive_risk_adjusted_200000_2asset_20d,200000.0,defensive,risk_adjusted,2,20,False,True,0.3685,0.0673,0.1148,-0.2997,0.6662,1.121,424207.25,1.88,0.9688,0.0312,10762.45,0.0538,265,0,0,-0.4263,-1.5962
v34_etf_ultra_guard_defensive_100000_3asset_60d,100000.0,ultra_guard,defensive,3,60,False,True,0.3674,0.0426,0.0478,-0.1953,0.7181,0.6706,167058.15,1.62,0.9451,0.0549,914.15,0.0091,80,0,0,-1.2744,-3.2086
v34_etf_balanced_momentum_100000_1asset_40d,100000.0,balanced,momentum,1,40,False,True,0.3673,0.1152,0.2455,-0.5338,0.6015,1.8596,285957.1,1.56,0.9636,0.0364,8636.5,0.0864,121,12,0,-0.0232,-1.0689
v34_etf_capital_guard_defensive_50000_2asset_20d,50000.0,capital_guard,defensive,2,20,False,True,0.367,0.0568,0.0867,-0.2873,0.7114,0.9294,96469.89,1.51,0.9399,0.0601,1778.01,0.0356,165,0,0,-0.2604,-0.8295
v34_etf_ultra_guard_defensive_50000_2asset_40d,50000.0,ultra_guard,defensive,2,40,False,True,0.3669,0.0432,0.0496,-0.172,0.7168,0.682,84101.07,1.45,0.9059,0.0941,796.03,0.0159,94,1,0,-0.844,-1.324
v34_etf_balanced_risk_adjusted_50000_3asset_40d,50000.0,balanced,risk_adjusted,3,40,False,True,0.3667,0.0833,0.1591,-0.4393,0.647,1.3986,119928.56,2.12,0.9502,0.0498,3363.24,0.0673,201,19,0,-0.3114,-1.0849
v34_etf_balanced_defensive_50000_3asset_20d,50000.0,balanced,defensive,3,20,False,True,0.3662,0.0802,0.1507,-0.4327,0.6586,1.3443,117212.86,2.0,0.9437,0.0563,4169.64,0.0834,301,21,0,-0.3544,-1.0214
v34_etf_balanced_defensive_200000_2asset_20d,200000.0,balanced,defensive,2,20,False,True,0.3661,0.0852,0.1643,-0.462,0.6566,1.4272,485439.45,1.72,0.9744,0.0256,15803.35,0.079,229,0,1,-0.3274,-0.9958
v34_etf_ultra_guard_risk_adjusted_200000_3asset_40d,200000.0,ultra_guard,risk_adjusted,3,40,False,True,0.3659,0.0446,0.0535,-0.1822,0.7088,0.7065,341292.62,1.82,0.9557,0.0443,3059.18,0.0153,145,0,0,-0.4903,-1.2639
v34_etf_balanced_momentum_50000_1asset_40d,50000.0,balanced,momentum,1,40,False,True,0.3647,0.1145,0.2453,-0.5337,0.5865,1.8365,141824.76,1.14,0.9399,0.0601,4312.34,0.0862,111,46,0,-0.0252,-1.0697
v34_etf_defensive_risk_adjusted_100000_2asset_20d,100000.0,defensive,risk_adjusted,2,20,False,True,0.3642,0.0668,0.1147,-0.3,0.6666,1.1075,210745.13,1.88,0.9571,0.0429,5538.77,0.0554,254,0,0,-0.4303,-1.608
v34_etf_capital_guard_defensive_200000_3asset_40d,200000.0,capital_guard,defensive,3,40,False,True,0.3641,0.0544,0.0806,-0.2979,0.7178,0.8834,376673.04,1.69,0.9651,0.0349,3881.26,0.0194,131,0,0,-0.5199,-1.0972
v34_etf_capital_guard_risk_adjusted_100000_3asset_40d,100000.0,capital_guard,risk_adjusted,3,40,False,True,0.3633,0.0577,0.09,-0.2961,0.7079,0.9431,194305.68,1.9,0.9537,0.0463,2567.12,0.0257,147,0,0,-0.2595,-1.135
v34_etf_balanced_defensive_100000_2asset_20d,100000.0,balanced,defensive,2,20,False,True,0.3632,0.0846,0.1641,-0.4611,0.6563,1.4117,241167.55,1.69,0.9619,0.0381,7976.35,0.0798,226,4,1,-0.3326,-1.0052
v34_etf_capital_guard_defensive_200000_3asset_60d,200000.0,capital_guard,defensive,3,60,False,True,0.3627,0.0545,0.0814,-0.3129,0.7178,0.8855,377108.54,1.65,0.9584,0.0416,2745.26,0.0137,84,0,0,-1.0453,-2.9437
v34_etf_defensive_momentum_50000_1asset_40d,50000.0,defensive,momentum,1,40,False,True,0.3626,0.082,0.1573,-0.4101,0.5996,1.3687,118436.56,1.68,0.923,0.077,2412.04,0.0482,118,0,0,-0.4225,-1.7574
v34_etf_balanced_defensive_50000_2asset_20d,50000.0,balanced,defensive,2,20,False,True,0.3601,0.084,0.1637,-0.4598,0.6563,1.3941,119702.77,1.5,0.9446,0.0554,4120.73,0.0824,217,35,1,-0.3361,-1.0145
v34_etf_capital_guard_defensive_100000_3asset_40d,100000.0,capital_guard,defensive,3,40,False,True,0.3595,0.054,0.0806,-0.2988,0.7178,0.8742,187419.04,1.69,0.9568,0.0432,2040.46,0.0204,130,0,0,-0.5352,-1.117
v34_etf_capital_guard_defensive_100000_3asset_60d,100000.0,capital_guard,defensive,3,60,False,True,0.359,0.0542,0.0813,-0.3128,0.7181,0.8778,187776.39,1.65,0.9516,0.0484,1446.81,0.0145,83,0,0,-1.0366,-2.9102
v34_etf_balanced_risk_adjusted_200000_2asset_20d,200000.0,balanced,risk_adjusted,2,20,False,True,0.3587,0.089,0.1784,-0.462,0.6493,1.4695,493909.44,1.9,0.9848,0.0152,18753.96,0.0938,269,0,1,-0.2872,-1.1061
v34_etf_balanced_defensive_200000_3asset_40d,200000.0,balanced,defensive,3,40,False,True,0.3577,0.078,0.1482,-0.4413,0.6589,1.2928,458560.85,2.17,0.983,0.017,11741.15,0.0587,192,0,1,-0.3542,-1.0074
v34_etf_balanced_risk_adjusted_100000_2asset_20d,100000.0,balanced,risk_adjusted,2,20,False,True,0.3574,0.0887,0.1781,-0.4603,0.6493,1.461,246103.24,1.85,0.9769,0.0231,9520.46,0.0952,262,8,1,-0.2892,-1.1129
v34_etf_ultra_guard_risk_adjusted_100000_3asset_40d,100000.0,ultra_guard,risk_adjusted,3,40,False,True,0.3555,0.0439,0.0532,-0.181,0.7092,0.6929,169287.95,1.81,0.9381,0.0619,1689.95,0.0169,144,1,0,-0.5336,-1.2938
v34_etf_capital_guard_risk_adjusted_50000_3asset_20d,50000.0,capital_guard,risk_adjusted,3,20,False,True,0.3551,0.0552,0.085,-0.2705,0.7024,0.8943,94716.7,1.94,0.9077,0.0923,1940.4,0.0388,224,0,0,-0.2423,-1.1464
v34_etf_defensive_risk_adjusted_50000_2asset_20d,50000.0,defensive,risk_adjusted,2,20,False,True,0.3546,0.0655,0.1143,-0.2971,0.6653,1.0765,103826.46,1.88,0.9272,0.0728,3037.34,0.0607,244,0,0,-0.4426,-1.6275
v34_etf_capital_guard_defensive_50000_3asset_40d,50000.0,capital_guard,defensive,3,40,False,True,0.3546,0.0534,0.0801,-0.2967,0.7175,0.8622,93107.74,1.69,0.9339,0.0661,1216.66,0.0243,126,0,0,-0.5765,-1.1725
v34_etf_balanced_momentum_200000_2asset_60d,200000.0,balanced,momentum,2,60,False,True,0.3532,0.1021,0.2183,-0.4979,0.5698,1.6315,526291.31,2.42,0.9834,0.0166,12561.29,0.0628,149,0,0,0.1398,-0.3453
v34_etf_balanced_defensive_100000_3asset_40d,100000.0,balanced,defensive,3,40,False,True,0.3532,0.0773,0.148,-0.441,0.6586,1.2727,227269.78,2.17,0.9674,0.0326,5864.52,0.0586,188,0,1,-0.3605,-1.0144
v34_etf_balanced_risk_adjusted_50000_2asset_20d,50000.0,balanced,risk_adjusted,2,20,False,True,0.353,0.0877,0.1777,-0.4593,0.6486,1.4352,121757.77,1.58,0.9477,0.0523,4860.03,0.0972,250,50,1,-0.2993,-1.1231
v34_etf_balanced_momentum_100000_2asset_60d,100000.0,balanced,momentum,2,60,False,True,0.3522,0.1018,0.218,-0.4971,0.5689,1.623,262304.64,2.39,0.9755,0.0245,6313.56,0.0631,148,2,0,0.1384,-0.3485
v34_etf_capital_guard_risk_adjusted_50000_3asset_40d,50000.0,capital_guard,risk_adjusted,3,40,False,True,0.3504,0.0563,0.0894,-0.2947,0.7079,0.9119,95596.28,1.9,0.9187,0.0813,1468.22,0.0294,143,0,0,-0.2746,-1.1883
v34_etf_defensive_momentum_200000_3asset_60d,200000.0,defensive,momentum,3,60,False,True,0.3499,0.0745,0.1415,-0.3596,0.5903,1.2222,444431.61,3.12,0.9713,0.0287,5278.59,0.0264,185,0,0,-0.2553,-1.5756
v34_etf_defensive_defensive_200000_3asset_40d,200000.0,defensive,defensive,3,40,False,True,0.3487,0.0616,0.105,-0.307,0.6787,1.0031,400611.97,2.14,0.964,0.036,7502.03,0.0375,178,0,1,-0.6896,-2.2765
v34_etf_balanced_defensive_50000_3asset_40d,50000.0,balanced,defensive,3,40,False,True,0.3479,0.0764,0.1477,-0.4405,0.6582,1.2494,112469.16,2.04,0.9436,0.0564,3012.34,0.0602,187,10,0,-0.3636,-1.0149
v34_etf_balanced_momentum_50000_2asset_60d,50000.0,balanced,momentum,2,60,False,True,0.3477,0.1006,0.2174,-0.4958,0.5685,1.5891,129453.33,1.9,0.9475,0.0525,3221.47,0.0644,147,28,0,0.1323,-0.3596
v34_etf_defensive_momentum_100000_3asset_60d,100000.0,defensive,momentum,3,60,False,True,0.3461,0.0739,0.1412,-0.3593,0.5903,1.2055,220554.26,3.12,0.9594,0.0406,2763.64,0.0276,172,0,0,-0.257,-1.5799
v34_etf_defensive_defensive_100000_3asset_40d,100000.0,defensive,defensive,3,40,False,True,0.3458,0.0612,0.1047,-0.3058,0.6787,0.9941,199409.02,2.14,0.9531,0.0469,3804.08,0.038,176,0,0,-0.6955,-2.286
v34_etf_defensive_defensive_200000_2asset_40d,200000.0,defensive,defensive,2,40,False,True,0.3417,0.0626,0.1099,-0.2942,0.6807,1.0136,402716.11,1.76,0.9646,0.0354,8143.19,0.0407,137,0,0,-0.7891,-2.4019
v34_etf_defensive_defensive_100000_2asset_40d,100000.0,defensive,defensive,2,40,False,True,0.339,0.0622,0.1099,-0.2942,0.6807,1.0058,200576.0,1.76,0.9566,0.0434,4117.2,0.0412,135,0,0,-0.7908,-2.407
v34_etf_defensive_momentum_50000_3asset_60d,50000.0,defensive,momentum,3,60,False,True,0.3384,0.0725,0.1403,-0.3568,0.5894,1.1714,108569.54,3.12,0.9298,0.0702,1615.16,0.0323,168,0,0,-0.2645,-1.5793
v34_etf_ultra_guard_risk_adjusted_200000_3asset_20d,200000.0,ultra_guard,risk_adjusted,3,20,False,True,0.3384,0.0414,0.0485,-0.1576,0.7156,0.6461,329211.41,1.86,0.9544,0.0456,3512.89,0.0176,233,0,0,-0.5075,-1.2616
v34_etf_ultra_guard_risk_adjusted_50000_3asset_40d,50000.0,ultra_guard,risk_adjusted,3,40,False,True,0.3356,0.0425,0.0522,-0.1758,0.7082,0.6651,83255.18,1.78,0.921,0.079,1120.62,0.0224,137,3,0,-0.5344,-1.2865
v34_etf_defensive_defensive_50000_3asset_40d,50000.0,defensive,defensive,3,40,False,True,0.3341,0.0598,0.104,-0.3028,0.6791,0.9602,98008.19,2.14,0.9205,0.0795,2050.31,0.041,172,0,0,-0.7109,-2.3083
v34_etf_defensive_defensive_50000_2asset_40d,50000.0,defensive,defensive,2,40,False,True,0.3335,0.0615,0.1095,-0.2927,0.6807,0.9889,99444.66,1.76,0.9404,0.0596,2095.94,0.0419,129,0,0,-0.7967,-2.4174
v34_etf_ultra_guard_defensive_50000_3asset_60d,50000.0,ultra_guard,defensive,3,60,False,True,0.3324,0.0408,0.0476,-0.1953,0.7168,0.635,81750.7,1.62,0.9211,0.0789,616.0,0.0123,75,0,0,-1.218,-3.043
v34_etf_ultra_guard_defensive_200000_1asset_40d,200000.0,ultra_guard,defensive,1,40,False,True,0.3314,0.0441,0.0577,-0.1978,0.7245,0.692,338403.25,1.22,0.9545,0.0455,2375.95,0.0119,67,0,0,-0.5003,-1.0177
v34_etf_ultra_guard_risk_adjusted_100000_1asset_20d,100000.0,ultra_guard,risk_adjusted,1,20,False,True,0.3292,0.0451,0.0612,-0.1744,0.7172,0.7092,170923.05,1.28,0.9491,0.0509,1688.95,0.0169,109,0,0,-0.4355,-0.9537
v34_etf_balanced_momentum_200000_2asset_20d,200000.0,balanced,momentum,2,20,False,True,0.3271,0.0961,0.2174,-0.5476,0.5647,1.4493,489867.85,2.46,0.9831,0.0169,18909.05,0.0945,370,0,0,-0.118,-1.3799
v34_etf_defensive_momentum_200000_1asset_60d,200000.0,defensive,momentum,1,60,False,True,0.3269,0.076,0.156,-0.3392,0.6012,1.2036,440729.94,1.67,0.9679,0.0321,6928.86,0.0346,90,0,0,-0.3178,-1.6466
v34_etf_ultra_guard_defensive_100000_1asset_40d,100000.0,ultra_guard,defensive,1,40,False,True,0.3251,0.0437,0.0577,-0.1983,0.7242,0.6842,168420.83,1.22,0.9451,0.0549,1228.27,0.0123,65,0,0,-0.5181,-1.0483
v34_etf_defensive_momentum_100000_1asset_60d,100000.0,defensive,momentum,1,60,False,True,0.324,0.0755,0.156,-0.3394,0.6012,1.191,219101.42,1.67,0.9547,0.0453,3489.38,0.0349,83,0,0,-0.3206,-1.6558
v34_etf_defensive_defensive_200000_1asset_60d,200000.0,defensive,defensive,1,60,False,True,0.3238,0.0629,0.117,-0.2674,0.6851,1.0015,400296.8,1.39,0.9656,0.0344,5322.0,0.0266,61,0,1,-1.1648,-3.0337
v34_etf_balanced_momentum_100000_2asset_20d,100000.0,balanced,momentum,2,20,False,True,0.3236,0.0953,0.2172,-0.5491,0.5637,1.4258,242584.87,2.13,0.9665,0.0335,9761.23,0.0976,368,52,0,-0.1206,-1.386
v34_etf_ultra_guard_risk_adjusted_100000_3asset_20d,100000.0,ultra_guard,risk_adjusted,3,20,False,True,0.3224,0.0405,0.0481,-0.1563,0.7146,0.6281,162811.85,1.85,0.934,0.066,2080.75,0.0208,223,1,0,-0.5481,-1.2876
v34_etf_balanced_momentum_50000_2asset_20d,50000.0,balanced,momentum,2,20,False,True,0.3202,0.0944,0.2167,-0.5492,0.5634,1.4017,120085.62,1.89,0.9434,0.0566,5105.88,0.1021,350,90,0,-0.1254,-1.3889
v34_etf_defensive_defensive_100000_1asset_60d,100000.0,defensive,defensive,1,60,False,True,0.32,0.0624,0.1169,-0.2676,0.6851,0.99,199001.8,1.39,0.9558,0.0442,2645.8,0.0265,60,0,0,-1.1395,-2.973
v34_etf_capital_guard_momentum_200000_1asset_40d,200000.0,capital_guard,momentum,1,40,False,True,0.3185,0.0624,0.1174,-0.3243,0.6666,0.9882,397641.64,1.47,0.9643,0.0357,6072.66,0.0304,99,0,0,-0.6438,-2.0468
v34_etf_ultra_guard_defensive_200000_3asset_40d,200000.0,ultra_guard,defensive,3,40,False,True,0.318,0.04,0.0471,-0.1816,0.7162,0.6182,323640.25,1.67,0.9589,0.0411,2233.35,0.0112,127,0,0,-0.8488,-1.4702
v34_etf_defensive_momentum_50000_1asset_60d,50000.0,defensive,momentum,1,60,False,True,0.3178,0.0745,0.1556,-0.3386,0.6012,1.1633,108165.55,1.67,0.9319,0.0681,1806.95,0.0361,82,0,0,-0.3265,-1.6537
v34_etf_capital_guard_momentum_100000_1asset_40d,100000.0,capital_guard,momentum,1,40,False,True,0.3151,0.062,0.1174,-0.3242,0.6662,0.978,197802.9,1.47,0.9512,0.0488,3082.2,0.0308,97,0,0,-0.6501,-2.0471
v34_etf_defensive_defensive_50000_1asset_60d,50000.0,defensive,defensive,1,60,False,True,0.3142,0.0617,0.1167,-0.2662,0.6851,0.9724,98618.92,1.39,0.9291,0.0709,1346.38,0.0269,59,0,0,-1.3557,-3.4807
v34_etf_ultra_guard_momentum_100000_1asset_40d,100000.0,ultra_guard,momentum,1,40,False,True,0.3139,0.0478,0.0728,-0.1979,0.6775,0.7503,175029.72,1.47,0.9419,0.0581,1883.18,0.0188,99,0,0,-0.4247,-1.2856
v34_etf_ultra_guard_defensive_50000_1asset_40d,50000.0,ultra_guard,defensive,1,40,False,True,0.3136,0.043,0.0575,-0.1966,0.7242,0.6693,83463.6,1.22,0.9258,0.0742,639.0,0.0128,60,0,0,-0.5147,-1.0318
v34_etf_defensive_momentum_200000_2asset_20d,200000.0,defensive,momentum,2,20,False,True,0.3122,0.0707,0.1464,-0.4009,0.5778,1.1009,420172.75,2.47,0.9707,0.0293,11532.55,0.0577,376,0,0,-0.4457,-1.8282
v34_etf_ultra_guard_momentum_200000_1asset_60d,200000.0,ultra_guard,momentum,1,60,False,True,0.308,0.0453,0.0659,-0.1573,0.6624,0.7061,341229.8,1.58,0.9584,0.0416,2616.9,0.0131,83,0,0,-0.1576,-0.6441
v34_etf_defensive_momentum_100000_2asset_20d,100000.0,defensive,momentum,2,20,False,True,0.3079,0.07,0.1461,-0.4006,0.5778,1.0837,208374.13,2.47,0.9582,0.0418,6043.07,0.0604,355,0,0,-0.4489,-1.8319
v34_etf_balanced_momentum_200000_3asset_60d,200000.0,balanced,momentum,3,60,False,True,0.3076,0.088,0.2048,-0.5063,0.5605,1.2897,457937.18,3.14,0.9797,0.0203,8595.22,0.043,200,0,0,0.0206,-1.272
v34_etf_balanced_momentum_100000_3asset_60d,100000.0,balanced,momentum,3,60,False,True,0.3057,0.0875,0.2046,-0.5068,0.5605,1.2775,227752.59,2.96,0.9676,0.0324,4413.81,0.0441,196,9,0,0.0181,-1.276
v34_etf_ultra_guard_momentum_100000_1asset_60d,100000.0,ultra_guard,momentum,1,60,False,True,0.3035,0.045,0.0657,-0.1564,0.6637,0.699,169895.39,1.58,0.9504,0.0496,1381.91,0.0138,80,0,0,-0.156,-0.6515
v34_etf_defensive_momentum_50000_2asset_20d,50000.0,defensive,momentum,2,20,False,True,0.3011,0.0689,0.1456,-0.3993,0.5775,1.0564,102820.42,2.47,0.9356,0.0644,3376.18,0.0675,333,0,0,-0.4539,-1.8421
v34_etf_balanced_momentum_50000_3asset_60d,50000.0,balanced,momentum,3,60,False,True,0.3006,0.0863,0.2038,-0.5076,0.5596,1.2463,112316.95,2.71,0.9393,0.0607,2341.85,0.0468,190,23,0,0.0098,-1.2983
v34_etf_ultra_guard_defensive_100000_3asset_40d,100000.0,ultra_guard,defensive,3,40,False,True,0.3005,0.0391,0.0469,-0.1818,0.7159,0.6008,160076.31,1.67,0.9376,0.0624,1306.29,0.0131,125,0,0,-0.8891,-1.5772
v34_etf_ultra_guard_risk_adjusted_50000_1asset_20d,50000.0,ultra_guard,risk_adjusted,1,20,False,True,0.3001,0.0432,0.0608,-0.1739,0.7213,0.6699,83496.34,1.28,0.8911,0.1089,926.26,0.0185,100,0,0,-0.5019,-0.993
v34_etf_ultra_guard_risk_adjusted_200000_2asset_20d,200000.0,ultra_guard,risk_adjusted,2,20,False,True,0.2967,0.0405,0.0522,-0.1671,0.7152,0.6235,324702.41,1.59,0.9514,0.0486,3493.89,0.0175,181,0,1,-0.5332,-1.1935
v34_etf_ultra_guard_defensive_200000_1asset_20d,200000.0,ultra_guard,defensive,1,20,False,True,0.2951,0.0416,0.0564,-0.175,0.7178,0.6423,328456.03,1.24,0.9515,0.0485,2969.17,0.0148,100,0,0,-0.5557,-1.1424
v34_etf_ultra_guard_momentum_50000_1asset_40d,50000.0,ultra_guard,momentum,1,40,False,True,0.2943,0.0464,0.0727,-0.1975,0.6768,0.7193,85964.42,1.47,0.8956,0.1044,1023.88,0.0205,96,0,0,-0.4487,-1.3363
v34_etf_defensive_defensive_200000_3asset_20d,200000.0,defensive,defensive,3,20,False,True,0.294,0.0559,0.105,-0.2829,0.6717,0.8656,373128.56,2.21,0.963,0.037,9538.74,0.0477,323,0,0,-0.6142,-1.9022
v34_etf_ultra_guard_defensive_100000_1asset_20d,100000.0,ultra_guard,defensive,1,20,False,True,0.2939,0.0415,0.0563,-0.1754,0.7181,0.6405,164051.91,1.24,0.9489,0.0511,1549.89,0.0155,98,0,0,-0.5572,-1.1448
v34_etf_ultra_guard_risk_adjusted_50000_3asset_20d,50000.0,ultra_guard,risk_adjusted,3,20,False,True,0.2928,0.0387,0.0467,-0.1531,0.7156,0.5931,79656.49,1.8,0.8905,0.1095,1406.81,0.0281,201,7,0,-0.7846,-1.3449
v34_etf_defensive_momentum_200000_2asset_40d,200000.0,defensive,momentum,2,40,False,True,0.2925,0.0673,0.1448,-0.367,0.5849,1.0215,404304.09,2.42,0.9728,0.0272,8007.71,0.04,211,0,0,-0.6469,-1.9175
v34_etf_capital_guard_risk_adjusted_200000_1asset_60d,200000.0,capital_guard,risk_adjusted,1,60,False,True,0.2912,0.0583,0.1145,-0.2595,0.6983,0.8985,379691.9,1.35,0.9724,0.0276,3753.0,0.0188,56,0,0,-1.0561,-2.8056
v34_etf_capital_guard_risk_adjusted_100000_1asset_60d,100000.0,capital_guard,risk_adjusted,1,60,False,True,0.2905,0.0582,0.1144,-0.2597,0.698,0.8962,189617.75,1.35,0.9703,0.0297,1901.65,0.019,55,0,0,-1.0519,-2.7951
v34_etf_ultra_guard_defensive_50000_3asset_40d,50000.0,ultra_guard,defensive,3,40,False,True,0.2899,0.0383,0.046,-0.1788,0.7207,0.587,79351.54,1.63,0.9141,0.0859,872.66,0.0175,116,3,0,-0.9446,-1.6862
v34_etf_defensive_momentum_100000_2asset_40d,100000.0,defensive,momentum,2,40,False,True,0.2893,0.0668,0.1445,-0.3666,0.5849,1.009,200896.33,2.42,0.9593,0.0407,4115.37,0.0412,200,0,0,-0.649,-1.9212
v34_etf_defensive_defensive_100000_3asset_20d,100000.0,defensive,defensive,3,20,False,True,0.2889,0.0553,0.1047,-0.2813,0.6717,0.852,185204.94,2.21,0.9486,0.0514,4985.76,0.0499,313,0,0,-0.6203,-1.9085
v34_etf_ultra_guard_risk_adjusted_100000_2asset_20d,100000.0,ultra_guard,risk_adjusted,2,20,False,True,0.2879,0.0399,0.0519,-0.1654,0.7152,0.613,161303.34,1.59,0.9344,0.0656,1964.26,0.0196,175,0,0,-0.554,-1.217
v34_etf_ultra_guard_momentum_50000_1asset_60d,50000.0,ultra_guard,momentum,1,60,False,True,0.2878,0.0439,0.0655,-0.156,0.6637,0.6764,83820.2,1.58,0.9175,0.0825,784.9,0.0157,78,0,0,-0.1999,-0.6754
v34_etf_defensive_momentum_50000_2asset_40d,50000.0,defensive,momentum,2,40,False,True,0.2832,0.0658,0.144,-0.365,0.5849,0.9857,99284.11,2.42,0.9301,0.0699,2191.69,0.0438,184,0,0,-0.6561,-1.9279
v34_etf_ultra_guard_defensive_100000_3asset_20d,100000.0,ultra_guard,defensive,3,20,False,True,0.2827,0.0373,0.0434,-0.1567,0.7249,0.5685,156851.81,1.61,0.9342,0.0658,1538.79,0.0154,168,3,0,-1.2465,-2.2826
v34_etf_capital_guard_risk_adjusted_50000_1asset_60d,50000.0,capital_guard,risk_adjusted,1,60,False,True,0.2809,0.0571,0.1144,-0.2595,0.698,0.8704,93518.46,1.35,0.9296,0.0704,968.64,0.0194,53,0,0,-1.555,-3.9837
v34_etf_ultra_guard_defensive_200000_2asset_20d,200000.0,ultra_guard,defensive,2,20,False,True,0.2804,0.0386,0.0486,-0.1675,0.713,0.5901,318025.04,1.46,0.9508,0.0492,3001.06,0.015,157,0,0,-0.7058,-1.2557
v34_etf_ultra_guard_defensive_100000_2asset_20d,100000.0,ultra_guard,defensive,2,20,False,True,0.2801,0.0385,0.0483,-0.165,0.713,0.5883,158832.75,1.46,0.9379,0.0621,1673.95,0.0167,154,0,0,-0.7463,-1.3214
v34_etf_defensive_momentum_200000_3asset_20d,200000.0,defensive,momentum,3,20,False,True,0.2785,0.0637,0.1391,-0.3947,0.5791,0.9527,390535.64,3.22,0.9696,0.0304,9482.26,0.0474,490,0,0,-0.4765,-2.0468
v34_etf_ultra_guard_defensive_200000_3asset_20d,200000.0,ultra_guard,defensive,3,20,False,True,0.2769,0.0371,0.0437,-0.1568,0.7236,0.5649,312972.16,1.63,0.9506,0.0494,2620.44,0.0131,183,0,0,-0.9856,-1.4969
v34_etf_defensive_defensive_50000_3asset_20d,50000.0,defensive,defensive,3,20,False,True,0.2754,0.0537,0.1041,-0.2794,0.6717,0.8176,90879.18,2.21,0.9133,0.0867,2887.42,0.0577,294,0,0,-0.643,-1.9658
v34_etf_ultra_guard_defensive_50000_1asset_20d,50000.0,ultra_guard,defensive,1,20,False,True,0.273,0.0403,0.0559,-0.1736,0.7197,0.6151,80756.13,1.24,0.9126,0.0874,844.17,0.0169,91,0,0,-0.5883,-1.1835
v34_etf_defensive_momentum_100000_3asset_20d,100000.0,defensive,momentum,3,20,False,True,0.2719,0.0627,0.1388,-0.3952,0.5785,0.9297,192967.56,3.22,0.9543,0.0457,5332.34,0.0533,461,0,0,-0.4821,-2.0565
v34_etf_capital_guard_momentum_50000_1asset_60d,50000.0,capital_guard,momentum,1,60,False,True,0.2704,0.0577,0.1209,-0.2582,0.6451,0.8659,93296.71,1.56,0.9276,0.0724,1329.79,0.0266,77,0,0,0.0767,-0.4314
v34_etf_capital_guard_momentum_50000_1asset_40d,50000.0,capital_guard,momentum,1,40,False,True,0.2695,0.0563,0.1162,-0.3239,0.6659,0.8474,92368.39,1.47,0.9215,0.0785,1518.91,0.0304,95,0,0,-0.6507,-2.0544
v34_etf_ultra_guard_risk_adjusted_50000_2asset_20d,50000.0,ultra_guard,risk_adjusted,2,20,False,True,0.2682,0.0387,0.0509,-0.1652,0.7181,0.5886,79430.02,1.57,0.8912,0.1088,1215.48,0.0243,159,4,0,-0.7442,-1.2685
v34_etf_ultra_guard_risk_adjusted_200000_1asset_60d,200000.0,ultra_guard,risk_adjusted,1,60,False,True,0.263,0.041,0.061,-0.157,0.706,0.6247,324948.04,1.31,0.9547,0.0453,2022.36,0.0101,53,0,0,-1.3222,-3.0675
v34_etf_defensive_momentum_50000_3asset_20d,50000.0,defensive,momentum,3,20,False,True,0.2624,0.0612,0.138,-0.3944,0.5778,0.8961,94805.07,3.22,0.9252,0.0748,3334.23,0.0667,422,0,1,-0.4941,-2.0748
v34_etf_defensive_momentum_200000_3asset_40d,200000.0,defensive,momentum,3,40,False,True,0.262,0.0611,0.138,-0.3802,0.5852,0.8946,378925.37,3.14,0.9715,0.0285,6300.43,0.0315,269,0,0,-0.5757,-1.8853
v34_etf_balanced_defensive_200000_1asset_60d,200000.0,balanced,defensive,1,60,False,True,0.2565,0.071,0.1792,-0.3886,0.7088,0.9712,394236.24,1.31,0.9768,0.0232,7818.16,0.0391,52,0,1,0.1448,-0.2384
v34_etf_defensive_momentum_100000_3asset_40d,100000.0,defensive,momentum,3,40,False,True,0.2562,0.0603,0.1376,-0.38,0.5852,0.8751,187514.96,3.14,0.95,0.05,3411.94,0.0341,254,0,1,-0.5801,-1.892
v34_etf_ultra_guard_risk_adjusted_100000_1asset_60d,100000.0,ultra_guard,risk_adjusted,1,60,False,True,0.2548,0.0405,0.0609,-0.1576,0.706,0.6142,161422.35,1.31,0.9443,0.0557,1041.95,0.0104,53,0,0,-1.2988,-3.0017
v34_etf_balanced_defensive_100000_1asset_60d,100000.0,balanced,defensive,1,60,False,True,0.2546,0.0706,0.1791,-0.3885,0.7076,0.9629,196288.76,1.1,0.9625,0.0375,3926.94,0.0393,53,11,1,0.1358,-0.2519
v34_etf_balanced_defensive_50000_1asset_60d,50000.0,balanced,defensive,1,60,False,True,0.2519,0.0701,0.1789,-0.3883,0.7069,0.9509,97543.43,1.04,0.9484,0.0516,1943.17,0.0389,50,15,0,0.1275,-0.2876
v34_etf_ultra_guard_defensive_50000_3asset_20d,50000.0,ultra_guard,defensive,3,20,False,True,0.2504,0.0356,0.0425,-0.1511,0.7255,0.5376,76880.48,1.53,0.8964,0.1036,1041.02,0.0208,149,15,0,-1.5048,-3.0736
v34_etf_ultra_guard_risk_adjusted_50000_1asset_60d,50000.0,ultra_guard,risk_adjusted,1,60,False,True,0.2497,0.0401,0.0607,-0.1567,0.706,0.6072,80357.94,1.31,0.941,0.059,577.56,0.0116,53,0,0,-1.294,-2.9747
v34_etf_defensive_momentum_50000_3asset_40d,50000.0,defensive,momentum,3,40,False,True,0.2482,0.059,0.1368,-0.3786,0.5842,0.8476,92381.4,3.14,0.9177,0.0823,2085.5,0.0417,241,0,1,-0.5928,-1.9078
v34_etf_balanced_momentum_200000_3asset_40d,200000.0,balanced,momentum,3,40,False,True,0.2424,0.0734,0.1997,-0.5228,0.5685,0.9358,387158.7,3.09,0.9841,0.0159,10382.4,0.0519,276,0,0,-0.5157,-1.8607
v34_etf_balanced_momentum_100000_3asset_40d,100000.0,balanced,momentum,3,40,False,True,0.2388,0.0726,0.1994,-0.5234,0.5682,0.9184,191843.99,2.77,0.9619,0.0381,5350.31,0.0535,267,26,0,-0.52,-1.8652
v34_etf_balanced_momentum_50000_3asset_40d,50000.0,balanced,momentum,3,40,False,True,0.2349,0.0717,0.1988,-0.5249,0.5682,0.8994,94968.08,2.64,0.9408,0.0592,2884.72,0.0577,257,36,0,-0.5253,-1.8747
v34_etf_defensive_defensive_200000_2asset_20d,200000.0,defensive,defensive,2,20,False,True,0.2265,0.0499,0.1098,-0.2991,0.6714,0.7208,344166.07,1.8,0.9644,0.0356,9987.33,0.0499,249,0,0,-0.7606,-2.1129
v34_etf_ultra_guard_defensive_50000_2asset_20d,50000.0,ultra_guard,defensive,2,20,False,True,0.2264,0.0358,0.0477,-0.1625,0.7143,0.5362,76811.9,1.44,0.9012,0.0988,1069.9,0.0214,140,3,0,-0.8112,-1.3993
v34_etf_balanced_momentum_200000_2asset_40d,200000.0,balanced,momentum,2,40,False,True,0.2218,0.072,0.2119,-0.5258,0.5705,0.8439,368775.34,2.42,0.9828,0.0172,12368.36,0.0618,203,0,0,-0.5126,-1.8209
v34_etf_defensive_defensive_100000_2asset_20d,100000.0,defensive,defensive,2,20,False,True,0.2207,0.0492,0.1097,-0.3,0.6714,0.7072,170717.81,1.8,0.9465,0.0535,5057.19,0.0506,240,0,0,-0.7706,-2.1263
v34_etf_balanced_momentum_100000_2asset_40d,100000.0,balanced,momentum,2,40,False,True,0.2194,0.0714,0.2116,-0.5263,0.5698,0.832,183204.37,2.06,0.9659,0.0341,6288.23,0.0629,198,29,0,-0.5158,-1.8245
v34_etf_balanced_momentum_50000_2asset_40d,50000.0,balanced,momentum,2,40,False,True,0.2152,0.0705,0.2114,-0.5282,0.5695,0.8119,90595.66,1.9,0.9441,0.0559,3227.04,0.0645,196,42,0,-0.5215,-1.8308
v34_etf_capital_guard_momentum_200000_1asset_60d,200000.0,capital_guard,momentum,1,60,False,True,0.2148,0.0486,0.1097,-0.2599,0.6541,0.6932,338642.48,1.52,0.976,0.024,4296.72,0.0215,78,0,0,-1.3875,-2.7996
v34_etf_defensive_defensive_50000_2asset_20d,50000.0,defensive,defensive,2,20,False,True,0.2144,0.0484,0.1089,-0.2947,0.671,0.6907,84536.78,1.8,0.9215,0.0785,2724.72,0.0545,228,0,0,-0.7769,-2.1504
v34_etf_capital_guard_defensive_200000_1asset_60d,200000.0,capital_guard,defensive,1,60,False,True,0.1966,0.0452,0.1029,-0.2595,0.7098,0.6396,327928.13,1.25,0.9591,0.0409,3608.47,0.018,49,0,0,-1.3143,-3.0875
v34_etf_capital_guard_defensive_100000_1asset_60d,100000.0,capital_guard,defensive,1,60,False,True,0.1906,0.0446,0.1029,-0.2596,0.7098,0.6271,162708.5,1.25,0.9399,0.0601,1804.8,0.018,49,0,0,-1.4234,-3.3438
v34_etf_capital_guard_defensive_50000_1asset_60d,50000.0,capital_guard,defensive,1,60,False,True,0.1828,0.0438,0.1027,-0.2591,0.7098,0.6107,80533.73,1.25,0.9195,0.0805,891.27,0.0178,48,0,0,-1.3807,-3.2391
v34_etf_capital_guard_momentum_100000_1asset_60d,100000.0,capital_guard,momentum,1,60,False,True,0.1808,0.0446,0.1082,-0.2595,0.6537,0.6146,161461.0,1.52,0.9592,0.0408,2087.8,0.0209,73,0,0,-1.5922,-3.0498
v34_etf_ultra_guard_defensive_200000_1asset_60d,200000.0,ultra_guard,defensive,1,60,False,True,0.1748,0.0349,0.0564,-0.157,0.7124,0.51,301996.95,1.23,0.9543,0.0457,1882.25,0.0094,44,0,0,-1.3963,-2.9726
v34_etf_ultra_guard_defensive_100000_1asset_60d,100000.0,ultra_guard,defensive,1,60,False,True,0.1696,0.0346,0.0563,-0.1572,0.7124,0.5043,150434.03,1.23,0.9428,0.0572,910.37,0.0091,43,0,0,-1.5349,-3.2954
v34_etf_ultra_guard_defensive_50000_1asset_60d,50000.0,ultra_guard,defensive,1,60,False,True,0.1604,0.034,0.056,-0.1564,0.7124,0.4941,74704.9,1.23,0.9198,0.0802,466.6,0.0093,43,0,0,-1.8405,-4.0078
