name,capital,alpha_cap,stock_profile,stock_positions,stock_rebalance_freq,simultaneous_improvement_gate_passes,stock_execution_gate_passes,small_account_minimum_gate_passes,sharpe_ratio,annual_return,max_drawdown,win_rate,avg_oos_sharpe,min_oos_sharpe,annual_return_delta,sharpe_delta,max_drawdown_delta,avg_oos_sharpe_delta,min_oos_sharpe_delta,avg_alpha_allocation,active_alpha_ratio,stock_subaccount_capital,stock_avg_holdings,stock_orders,stock_total_fees
v37_200000_alpha20_small_balanced_2pos_40d,200000.0,0.2,small_balanced,2,40,True,True,False,0.5449,0.0689,-0.1405,0.3358,0.3593,-0.9256,0.0081,0.084,-0.0054,0.0043,0.0012,0.0295,0.2668,40000.0,1.81,256,3010.34
v37_100000_alpha20_small_balanced_2pos_40d,100000.0,0.2,small_balanced,2,40,True,True,False,0.5436,0.0688,-0.1407,0.3311,0.3691,-0.9164,0.0081,0.0837,-0.0056,0.0146,0.0098,0.029,0.2601,20000.0,1.75,248,2000.44
v37_50000_alpha20_small_balanced_2pos_40d,50000.0,0.2,small_balanced,2,40,True,True,False,0.5413,0.0681,-0.1317,0.3331,0.3616,-0.9333,0.0076,0.0812,-0.003,0.0089,0.0025,0.0293,0.2801,10000.0,1.59,221,1494.37
v37_200000_alpha15_small_balanced_2pos_40d,200000.0,0.15,small_balanced,2,40,True,True,False,0.5269,0.0671,-0.1399,0.3378,0.3647,-0.9242,0.0063,0.066,-0.0048,0.0097,0.0026,0.0233,0.3001,30000.0,1.77,249,2478.3
v37_100000_alpha15_small_balanced_2pos_40d,100000.0,0.15,small_balanced,2,40,True,True,False,0.5229,0.0667,-0.1393,0.3318,0.3647,-0.9252,0.006,0.063,-0.0042,0.0102,0.001,0.0222,0.2734,15000.0,1.67,234,1705.93
v37_50000_alpha15_small_balanced_2pos_40d,50000.0,0.15,small_balanced,2,40,True,True,False,0.5173,0.0657,-0.1287,0.3178,0.3543,-0.9314,0.0052,0.0572,0.0,0.0016,0.0044,0.0172,0.2267,7500.0,1.44,198,1247.91
v37_100000_alpha20_small_balanced_2pos_20d,100000.0,0.2,small_balanced,2,20,False,True,False,0.5485,0.0704,-0.1361,0.3288,0.3795,-0.9474,0.0097,0.0886,-0.001,0.025,-0.0212,0.0295,0.2868,20000.0,1.91,545,6962.45
v37_200000_alpha20_v32_guard_2pos_20d,200000.0,0.2,v32_guard,2,20,False,True,False,0.5443,0.0695,-0.1355,0.3211,0.392,-0.9534,0.0087,0.0834,-0.0004,0.037,-0.0266,0.0283,0.2601,40000.0,1.61,461,5654.94
v37_50000_alpha20_small_balanced_2pos_20d,50000.0,0.2,small_balanced,2,20,False,True,False,0.5284,0.0679,-0.1293,0.3314,0.3978,-0.9571,0.0074,0.0683,-0.0006,0.0451,-0.0213,0.0292,0.2934,10000.0,1.81,512,4391.98
v37_200000_alpha20_small_balanced_2pos_20d,200000.0,0.2,small_balanced,2,20,False,True,False,0.5089,0.0669,-0.1383,0.3294,0.3479,-0.9606,0.0061,0.048,-0.0032,-0.0071,-0.0338,0.0275,0.2601,40000.0,1.98,565,12119.05
v37_50000_alpha15_small_balanced_2pos_20d,50000.0,0.15,small_balanced,2,20,False,True,False,0.5175,0.0665,-0.1302,0.3341,0.3531,-0.99,0.006,0.0574,-0.0015,0.0004,-0.0542,0.0234,0.3068,7500.0,1.71,478,3570.53
v37_200000_alpha20_v32_guard_2pos_40d,200000.0,0.2,v32_guard,2,40,False,True,False,0.525,0.0667,-0.1377,0.3088,0.354,-0.9274,0.0059,0.0641,-0.0026,-0.001,-0.0006,0.023,0.1934,40000.0,1.28,179,1619.92
v37_100000_alpha20_v32_guard_2pos_40d,100000.0,0.2,v32_guard,2,40,False,True,False,0.5237,0.0664,-0.1351,0.2991,0.3529,-0.9222,0.0057,0.0638,0.0,-0.0016,0.004,0.0193,0.1801,20000.0,0.87,114,890.08
v37_100000_alpha20_v32_guard_1pos_20d,100000.0,0.2,v32_guard,1,20,False,True,False,0.5185,0.0662,-0.1357,0.3198,0.3826,-0.9302,0.0055,0.0586,-0.0006,0.0281,-0.004,0.0279,0.2734,20000.0,0.69,195,1940.6
v37_50000_alpha20_v32_guard_2pos_40d,50000.0,0.2,v32_guard,2,40,False,True,False,0.5216,0.0659,-0.1287,0.2964,0.3504,-0.9397,0.0054,0.0615,0.0,-0.0023,-0.0039,0.0143,0.1267,10000.0,0.52,74,511.7
v37_100000_alpha20_small_balanced_1pos_20d,100000.0,0.2,small_balanced,1,20,False,True,False,0.5125,0.0658,-0.1372,0.3288,0.3429,-0.9755,0.0051,0.0526,-0.0021,-0.0116,-0.0493,0.0285,0.2668,20000.0,0.96,272,3528.41
v37_200000_alpha10_small_balanced_2pos_20d,200000.0,0.1,small_balanced,2,20,False,True,False,0.5091,0.0658,-0.1356,0.3301,0.3667,-0.9408,0.005,0.0482,-0.0005,0.0117,-0.014,0.0156,0.2868,20000.0,1.91,545,6962.45
v37_100000_alpha15_v32_guard_2pos_20d,100000.0,0.15,v32_guard,2,20,False,True,False,0.5082,0.0657,-0.1355,0.3271,0.3618,-0.9502,0.005,0.0483,-0.0004,0.0073,-0.024,0.0207,0.2601,15000.0,1.29,338,2623.23
v37_100000_alpha15_small_balanced_2pos_20d,100000.0,0.15,small_balanced,2,20,False,True,False,0.5015,0.0656,-0.1366,0.3348,0.3668,-0.9543,0.0049,0.0416,-0.0015,0.0123,-0.0281,0.0223,0.2868,15000.0,1.91,549,5897.59
v37_50000_alpha20_v32_guard_2pos_20d,50000.0,0.2,v32_guard,2,20,False,True,False,0.5108,0.0651,-0.1278,0.2944,0.3505,-0.9352,0.0046,0.0507,0.0009,-0.0022,0.0006,0.0159,0.1467,10000.0,0.69,156,1026.24
v37_200000_alpha20_small_balanced_1pos_20d,200000.0,0.2,small_balanced,1,20,False,True,False,0.5069,0.0654,-0.1381,0.3281,0.3377,-0.9702,0.0046,0.046,-0.003,-0.0173,-0.0434,0.0274,0.2668,40000.0,0.99,280,6852.54
v37_100000_alpha20_v32_guard_2pos_20d,100000.0,0.2,v32_guard,2,20,False,True,False,0.5018,0.0652,-0.1351,0.3178,0.3411,-0.9487,0.0045,0.0419,0.0,-0.0134,-0.0225,0.0216,0.2201,20000.0,1.13,321,2508.75
v37_200000_alpha15_v32_guard_2pos_40d,200000.0,0.15,v32_guard,2,40,False,True,False,0.5092,0.0651,-0.1361,0.3171,0.3545,-0.9276,0.0043,0.0483,-0.001,-0.0005,-0.0008,0.0153,0.2001,30000.0,1.03,144,1227.28
v37_100000_alpha15_v32_guard_2pos_40d,100000.0,0.15,v32_guard,2,40,False,True,False,0.5054,0.0648,-0.1351,0.3008,0.3531,-0.9261,0.0041,0.0455,0.0,-0.0014,0.0001,0.0127,0.14,15000.0,0.69,93,688.2
v37_200000_alpha10_small_balanced_2pos_40d,200000.0,0.1,small_balanced,2,40,False,True,False,0.5044,0.0649,-0.1381,0.3308,0.3624,-0.922,0.0041,0.0435,-0.003,0.0074,0.0048,0.0147,0.2601,20000.0,1.75,248,2000.44
v37_50000_alpha15_v32_guard_2pos_40d,50000.0,0.15,v32_guard,2,40,False,True,False,0.5066,0.0645,-0.129,0.2954,0.3519,-0.9358,0.004,0.0465,-0.0003,-0.0008,0.0,0.011,0.1334,7500.0,0.59,78,510.31
v37_200000_alpha15_small_balanced_2pos_20d,200000.0,0.15,small_balanced,2,20,False,True,False,0.493,0.0648,-0.1367,0.3298,0.3526,-0.9459,0.004,0.0321,-0.0016,-0.0024,-0.0191,0.0215,0.2801,30000.0,1.94,554,8956.95
v37_50000_alpha20_small_balanced_1pos_20d,50000.0,0.2,small_balanced,1,20,False,True,False,0.5038,0.0644,-0.129,0.3144,0.3438,-0.9855,0.0039,0.0437,-0.0003,-0.0089,-0.0497,0.0253,0.2467,10000.0,0.86,242,2088.66
v37_100000_alpha10_small_balanced_2pos_40d,100000.0,0.1,small_balanced,2,40,False,True,False,0.5018,0.0646,-0.1366,0.3331,0.359,-0.9251,0.0039,0.0419,-0.0015,0.0045,0.0011,0.0148,0.2801,10000.0,1.59,221,1494.37
v37_100000_alpha10_small_balanced_2pos_20d,100000.0,0.1,small_balanced,2,20,False,True,False,0.4957,0.0645,-0.1353,0.3311,0.378,-0.9409,0.0038,0.0358,-0.0002,0.0235,-0.0147,0.0144,0.2734,10000.0,1.81,512,4391.98
v37_200000_alpha15_v32_guard_2pos_20d,200000.0,0.15,v32_guard,2,20,False,True,False,0.4972,0.0645,-0.1352,0.3164,0.3414,-0.9304,0.0037,0.0363,-0.0001,-0.0136,-0.0036,0.0172,0.2201,30000.0,1.27,355,3085.78
v37_200000_alpha15_small_balanced_1pos_20d,200000.0,0.15,small_balanced,1,20,False,True,False,0.4962,0.0642,-0.1372,0.3258,0.3414,-0.9645,0.0034,0.0353,-0.0021,-0.0136,-0.0377,0.0208,0.2668,30000.0,0.99,279,5251.91
v37_50000_alpha10_small_balanced_2pos_20d,50000.0,0.1,small_balanced,2,20,False,True,False,0.4913,0.0638,-0.1295,0.3354,0.3775,-0.9337,0.0033,0.0312,-0.0008,0.0248,0.0021,0.0157,0.3134,5000.0,1.55,436,3000.89
v37_50000_alpha15_small_balanced_1pos_20d,50000.0,0.15,small_balanced,1,20,False,True,False,0.4971,0.0637,-0.129,0.3168,0.3542,-0.9493,0.0032,0.037,-0.0003,0.0015,-0.0135,0.0206,0.2601,7500.0,0.93,267,1971.8
v37_50000_alpha10_small_balanced_2pos_40d,50000.0,0.1,small_balanced,2,40,False,True,False,0.493,0.0635,-0.1287,0.3131,0.3522,-0.9319,0.003,0.0329,0.0,-0.0005,0.0039,0.0118,0.2334,5000.0,1.08,151,901.14
v37_100000_alpha15_small_balanced_1pos_20d,100000.0,0.15,small_balanced,1,20,False,True,False,0.4914,0.0637,-0.1372,0.3208,0.3438,-0.939,0.003,0.0315,-0.0021,-0.0107,-0.0128,0.0202,0.2467,15000.0,0.95,270,2789.96
v37_200000_alpha20_small_balanced_1pos_40d,200000.0,0.2,small_balanced,1,40,False,True,False,0.4863,0.0638,-0.1416,0.3311,0.3563,-0.9773,0.003,0.0254,-0.0065,0.0013,-0.0505,0.0282,0.2801,40000.0,1.0,139,2008.51
v37_100000_alpha20_small_balanced_1pos_40d,100000.0,0.2,small_balanced,1,40,False,True,False,0.4857,0.0637,-0.1416,0.3174,0.3661,-0.9446,0.003,0.0258,-0.0065,0.0116,-0.0184,0.0267,0.2601,20000.0,0.89,124,1182.26
v37_200000_alpha10_v32_guard_2pos_40d,200000.0,0.1,v32_guard,2,40,False,True,False,0.4936,0.0637,-0.1351,0.2981,0.3542,-0.9248,0.0029,0.0327,0.0,-0.0008,0.002,0.0099,0.1867,20000.0,0.87,114,890.08
v37_200000_alpha10_v32_guard_1pos_20d,200000.0,0.1,v32_guard,1,20,False,True,False,0.4918,0.0636,-0.1354,0.3191,0.3704,-0.9288,0.0028,0.0309,-0.0003,0.0154,-0.002,0.0141,0.2734,20000.0,0.69,195,1940.6
v37_200000_alpha20_v32_guard_1pos_20d,200000.0,0.2,v32_guard,1,20,False,True,False,0.4914,0.0636,-0.1365,0.3084,0.3511,-0.9288,0.0028,0.0305,-0.0014,-0.0039,-0.002,0.0267,0.2334,40000.0,0.71,202,2262.83
v37_100000_alpha10_v32_guard_2pos_40d,100000.0,0.1,v32_guard,2,40,False,True,False,0.4912,0.0635,-0.1351,0.2958,0.3534,-0.9281,0.0028,0.0313,0.0,-0.0011,-0.0019,0.0072,0.1267,10000.0,0.52,74,511.7
v37_50000_alpha20_v32_guard_1pos_20d,50000.0,0.2,v32_guard,1,20,False,True,False,0.4908,0.0631,-0.1287,0.2951,0.356,-0.9376,0.0026,0.0307,0.0,0.0033,-0.0018,0.0131,0.1267,10000.0,0.39,110,807.99
v37_200000_alpha10_small_balanced_1pos_20d,200000.0,0.1,small_balanced,1,20,False,True,False,0.4894,0.0634,-0.1362,0.3281,0.3504,-0.952,0.0026,0.0285,-0.0011,-0.0046,-0.0252,0.0144,0.2668,20000.0,0.96,272,3528.41
v37_100000_alpha10_v32_guard_2pos_20d,100000.0,0.1,v32_guard,2,20,False,True,False,0.4867,0.0632,-0.1346,0.2948,0.3534,-0.9259,0.0025,0.0268,0.0005,-0.0011,0.0003,0.008,0.1467,10000.0,0.69,156,1026.24
v37_200000_alpha10_v32_guard_2pos_20d,200000.0,0.1,v32_guard,2,20,False,True,False,0.4839,0.0632,-0.1351,0.3181,0.3474,-0.9413,0.0024,0.023,0.0,-0.0076,-0.0145,0.0111,0.2334,20000.0,1.13,321,2508.75
v37_200000_alpha15_v32_guard_1pos_20d,200000.0,0.15,v32_guard,1,20,False,True,False,0.4854,0.063,-0.1352,0.3038,0.3526,-0.9292,0.0022,0.0245,-0.0001,-0.0024,-0.0024,0.0183,0.2267,30000.0,0.7,198,1950.79
v37_100000_alpha15_v32_guard_1pos_20d,100000.0,0.15,v32_guard,1,20,False,True,False,0.4848,0.0629,-0.1356,0.3041,0.3553,-0.9291,0.0022,0.0249,-0.0005,0.0008,-0.0029,0.0136,0.1801,15000.0,0.58,165,1291.57
v37_50000_alpha20_small_balanced_1pos_40d,50000.0,0.2,small_balanced,1,40,False,True,False,0.4772,0.0627,-0.1354,0.3094,0.3443,-0.9382,0.0022,0.0171,-0.0067,-0.0084,-0.0024,0.0233,0.2001,10000.0,0.8,117,835.43
v37_100000_alpha10_small_balanced_1pos_20d,100000.0,0.1,small_balanced,1,20,False,True,False,0.4831,0.0628,-0.1352,0.3144,0.3503,-0.9515,0.0021,0.0232,-0.0001,-0.0042,-0.0253,0.0125,0.2334,10000.0,0.86,242,2088.66
v37_200000_alpha15_small_balanced_1pos_40d,200000.0,0.15,small_balanced,1,40,False,True,False,0.479,0.0629,-0.1401,0.3211,0.3583,-0.9413,0.0021,0.0181,-0.005,0.0033,-0.0145,0.0218,0.2801,30000.0,0.96,133,1486.83
v37_100000_alpha15_small_balanced_1pos_40d,100000.0,0.15,small_balanced,1,40,False,True,False,0.4768,0.0627,-0.1385,0.3204,0.3552,-0.941,0.002,0.0169,-0.0034,0.0007,-0.0148,0.0199,0.2534,15000.0,0.96,130,1021.31
v37_50000_alpha10_small_balanced_1pos_20d,50000.0,0.1,small_balanced,1,20,False,True,False,0.481,0.0623,-0.1295,0.3074,0.3531,-0.9368,0.0018,0.0209,-0.0008,0.0004,-0.001,0.0123,0.2401,5000.0,0.79,224,1512.72
v37_50000_alpha10_v32_guard_2pos_40d,50000.0,0.1,v32_guard,2,40,False,True,False,0.4803,0.0622,-0.1287,0.2951,0.3523,-0.9367,0.0017,0.0202,0.0,-0.0004,-0.0009,0.0045,0.0667,5000.0,0.4,54,316.54
v37_50000_alpha20_v32_guard_1pos_40d,50000.0,0.2,v32_guard,1,40,False,True,False,0.4763,0.0622,-0.1287,0.2944,0.3518,-0.9358,0.0017,0.0162,0.0,-0.0009,0.0,0.0116,0.1134,10000.0,0.28,40,289.52
v37_100000_alpha20_v32_guard_1pos_40d,100000.0,0.2,v32_guard,1,40,False,True,False,0.4753,0.0624,-0.1351,0.3014,0.3512,-0.9307,0.0017,0.0154,0.0,-0.0033,-0.0045,0.0134,0.12,20000.0,0.45,68,534.46
v37_200000_alpha20_v32_guard_1pos_40d,200000.0,0.2,v32_guard,1,40,False,True,False,0.4751,0.0625,-0.1371,0.3118,0.3526,-0.9306,0.0017,0.0142,-0.002,-0.0024,-0.0038,0.0213,0.2067,40000.0,0.65,95,907.03
v37_50000_alpha10_v32_guard_2pos_20d,50000.0,0.1,v32_guard,2,20,False,True,False,0.4777,0.0621,-0.1287,0.2881,0.3525,-0.9349,0.0016,0.0176,0.0,-0.0002,0.0009,0.0062,0.1134,5000.0,0.61,132,803.23
v37_50000_alpha15_small_balanced_1pos_40d,50000.0,0.15,small_balanced,1,40,False,True,False,0.4753,0.0621,-0.1287,0.3124,0.3453,-0.9729,0.0016,0.0152,0.0,-0.0074,-0.0371,0.0182,0.2401,7500.0,0.75,108,727.26
v37_200000_alpha10_small_balanced_1pos_40d,200000.0,0.1,small_balanced,1,40,False,True,False,0.475,0.0624,-0.1386,0.3188,0.3609,-0.9375,0.0016,0.0141,-0.0035,0.0059,-0.0107,0.0135,0.2601,20000.0,0.89,124,1182.26
v37_50000_alpha15_v32_guard_2pos_20d,50000.0,0.15,v32_guard,2,20,False,True,False,0.4756,0.062,-0.1287,0.2911,0.3524,-0.9345,0.0015,0.0155,0.0,-0.0003,0.0013,0.0089,0.1134,7500.0,0.53,149,928.61
v37_100000_alpha10_v32_guard_1pos_20d,100000.0,0.1,v32_guard,1,20,False,True,False,0.4754,0.0621,-0.1351,0.2954,0.3545,-0.927,0.0014,0.0155,0.0,0.0,-0.0008,0.006,0.1134,10000.0,0.39,110,807.99
v37_100000_alpha15_v32_guard_1pos_40d,100000.0,0.15,v32_guard,1,40,False,True,False,0.473,0.0621,-0.1351,0.2991,0.3524,-0.9297,0.0014,0.0131,0.0,-0.0021,-0.0035,0.0113,0.12,15000.0,0.35,52,399.18
v37_200000_alpha15_v32_guard_1pos_40d,200000.0,0.15,v32_guard,1,40,False,True,False,0.4716,0.0621,-0.1371,0.3091,0.3527,-0.9318,0.0013,0.0107,-0.002,-0.0023,-0.005,0.0184,0.2134,30000.0,0.65,97,799.24
v37_100000_alpha10_small_balanced_1pos_40d,100000.0,0.1,small_balanced,1,40,False,True,False,0.4695,0.0619,-0.1386,0.3104,0.3507,-0.9275,0.0012,0.0096,-0.0035,-0.0038,-0.0013,0.0117,0.2001,10000.0,0.8,117,835.43
v37_50000_alpha10_v32_guard_1pos_20d,50000.0,0.1,v32_guard,1,20,False,True,False,0.4725,0.0616,-0.1287,0.2921,0.3499,-0.9358,0.0011,0.0124,0.0,-0.0028,0.0,0.0075,0.1334,5000.0,0.44,96,597.25
v37_50000_alpha15_v32_guard_1pos_20d,50000.0,0.15,v32_guard,1,20,False,True,False,0.4703,0.0616,-0.1287,0.3021,0.3237,-0.9358,0.0011,0.0102,0.0,-0.029,0.0,0.0113,0.14,7500.0,0.36,100,705.96
v37_50000_alpha10_small_balanced_1pos_40d,50000.0,0.1,small_balanced,1,40,False,True,False,0.4684,0.0615,-0.1287,0.3168,0.3438,-0.958,0.001,0.0083,0.0,-0.0089,-0.0222,0.0111,0.2134,5000.0,0.71,97,617.83
v37_200000_alpha10_v32_guard_1pos_40d,200000.0,0.1,v32_guard,1,40,False,True,False,0.4691,0.0617,-0.1351,0.3021,0.3534,-0.929,0.0009,0.0082,0.0,-0.0016,-0.0022,0.0069,0.1267,20000.0,0.45,68,534.46
v37_100000_alpha10_v32_guard_1pos_40d,100000.0,0.1,v32_guard,1,40,False,True,False,0.4685,0.0616,-0.1351,0.2951,0.3541,-0.9262,0.0009,0.0086,0.0,-0.0004,0.0,0.0056,0.1,10000.0,0.28,40,289.52
v37_50000_alpha15_v32_guard_1pos_40d,50000.0,0.15,v32_guard,1,40,False,False,False,0.4727,0.0618,-0.1287,0.2944,0.3529,-0.9346,0.0013,0.0126,0.0,0.0002,0.0012,0.0078,0.0867,7500.0,0.24,34,235.38
v37_50000_alpha10_v32_guard_1pos_40d,50000.0,0.1,v32_guard,1,40,False,False,False,0.4688,0.0613,-0.1287,0.2944,0.3523,-0.9367,0.0008,0.0087,0.0,-0.0004,-0.0009,0.005,0.08,5000.0,0.19,28,180.14
