factor,category,horizon,n_dates,avg_coverage,rank_ic_mean,rank_ic_t,rank_ic_positive_rate,train_ic_mean,test_ic_mean,recommended_direction,oriented_ls_mean,oriented_ls_t,qualified_for_research
analyst_rating_score_mean_60d,analyst_revision_rolling,20,559,827.9,0.017645,7.8407,0.6225,0.002564,0.044717,1,0.003424,4.7029,True
analyst_upgrade_count,analyst_revision,20,3,114.3,0.079856,2.9775,1.0,0.079856,,1,-0.004546,-0.2458,False
analyst_upgrade_count,analyst_revision,10,3,114.3,0.035001,14.6677,1.0,0.035001,,1,-0.053385,-3.9405,False
analyst_upgrade_count,analyst_revision,5,3,114.3,0.017451,0.6674,0.3333,0.017451,,1,-0.044265,-3.742,False
analyst_event_count_20d,analyst_revision_rolling,20,559,1186.1,-0.017192,-4.3041,0.4347,-0.043983,0.030898,-1,0.009806,8.0507,False
analyst_event_count_60d,analyst_revision_rolling,20,559,1186.1,-0.015742,-3.12,0.449,-0.047487,0.041242,-1,0.010173,6.6249,False
analyst_rating_events,analyst_revision,5,307,98.9,-0.015498,-1.9463,0.4723,-0.015826,-0.014839,-1,0.002228,1.4922,False
analyst_rating_events,analyst_revision,1,308,98.8,-0.014717,-1.883,0.4416,-0.023194,0.002155,-1,0.001257,1.9911,False
analyst_event_count_20d,analyst_revision_rolling,10,569,1186.3,-0.012957,-3.5245,0.4482,-0.029914,0.01603,-1,0.005079,6.5829,False
analyst_rating_events,analyst_revision,10,307,98.9,-0.012426,-1.6233,0.4723,-0.00771,-0.021905,-1,0.000947,0.456,False
analyst_rating_events,analyst_revision,20,297,96.4,-0.01212,-1.5945,0.4444,-0.005808,-0.026183,-1,-0.00182,-0.6055,False
analyst_rating_score_mean,analyst_revision,1,366,88.2,0.010359,1.3915,0.5273,0.013529,0.00394,1,0.000783,1.2307,False
analyst_event_count_20d,analyst_revision_rolling,5,574,1186.8,-0.009806,-2.5657,0.4756,-0.021726,0.010097,-1,0.002297,4.0153,False
analyst_rating_score_mean_60d,analyst_revision_rolling,10,569,828.6,0.00906,3.9743,0.5518,-0.00015,0.024805,1,0.000931,1.7599,False
analyst_rating_score_mean_20d,analyst_revision_rolling,20,559,545.5,0.008372,3.1668,0.5617,0.000631,0.022268,1,-0.002193,-2.2021,False
analyst_rating_score_mean_60d,analyst_revision_rolling,5,574,829.4,0.008303,3.7932,0.5592,0.003077,0.01703,1,0.000578,1.5828,False
analyst_event_count_60d,analyst_revision_rolling,10,569,1186.3,-0.008298,-1.8105,0.4622,-0.030444,0.029562,-1,0.005092,5.4808,False
analyst_event_count_20d,analyst_revision_rolling,1,578,1187.3,-0.008045,-2.0577,0.4567,-0.012001,-0.001559,-1,0.0004,1.6408,False
analyst_revision_sum_60d,analyst_revision_rolling,20,558,1186.1,0.007533,4.5475,0.6165,0.003511,0.014733,1,0.00876,4.8203,False
analyst_upgrade_minus_downgrade_60d,analyst_revision_rolling,20,558,1186.1,0.007533,4.5475,0.6165,0.003511,0.014733,1,0.00876,4.8203,False
analyst_rating_score_mean,analyst_revision,10,360,88.9,0.006469,0.8743,0.5278,0.001214,0.017664,1,-3e-05,-0.0141,False
analyst_event_count_60d,analyst_revision_rolling,5,574,1186.8,-0.006311,-1.3773,0.4895,-0.021565,0.01916,-1,0.002465,3.7477,False
analyst_event_count_60d,analyst_revision_rolling,1,578,1187.3,-0.006207,-1.3198,0.481,-0.012248,0.003696,-1,0.000476,1.6891,False
analyst_rating_score_mean_20d,analyst_revision_rolling,5,574,552.3,0.005931,2.3233,0.5488,-0.000445,0.016578,1,0.000962,2.1837,False
analyst_revision_sum_60d,analyst_revision_rolling,10,568,1186.3,0.005614,3.4714,0.5475,0.003649,0.008963,1,0.004202,3.3216,False
analyst_upgrade_minus_downgrade_60d,analyst_revision_rolling,10,568,1186.3,0.005614,3.4714,0.5475,0.003649,0.008963,1,0.004202,3.3216,False
analyst_rating_score_mean_20d,analyst_revision_rolling,10,569,549.9,0.005568,2.0302,0.5132,-0.002692,0.019688,1,0.000195,0.2964,False
analyst_upgrade_count,analyst_revision,1,3,114.3,0.00513,0.2121,0.3333,0.00513,,1,-0.009874,-1.3033,False
analyst_revision_sum_20d,analyst_revision_rolling,20,556,1186.1,0.005012,4.0435,0.5719,0.004734,0.005514,1,0.010371,5.6379,False
analyst_upgrade_minus_downgrade_20d,analyst_revision_rolling,20,556,1186.1,0.005012,4.0435,0.5719,0.004734,0.005514,1,0.010371,5.6379,False
analyst_revision_sum_20d,analyst_revision_rolling,10,566,1186.3,0.004737,3.6631,0.5601,0.004865,0.004518,1,0.004667,3.6403,False
analyst_upgrade_minus_downgrade_20d,analyst_revision_rolling,10,566,1186.3,0.004737,3.6631,0.5601,0.004865,0.004518,1,0.004667,3.6403,False
analyst_rating_score_mean,analyst_revision,20,347,86.8,0.004315,0.5728,0.5101,-0.002441,0.020543,1,-0.00213,-0.7171,False
analyst_rating_score_mean_60d,analyst_revision_rolling,1,578,830.2,0.004025,1.9591,0.5242,0.001266,0.008547,1,6.3e-05,0.3984,False
analyst_revision_score_sum,analyst_revision,5,122,139.6,-0.003331,-0.3226,0.418,-0.00179,-0.007012,-1,-0.002482,-0.9295,False
analyst_upgrade_minus_downgrade,analyst_revision,5,122,139.6,-0.003331,-0.3226,0.418,-0.00179,-0.007012,-1,-0.002482,-0.9295,False
analyst_rating_score_mean_20d,analyst_revision_rolling,1,578,554.1,0.003208,1.2646,0.519,0.000822,0.007119,1,0.000195,0.9549,False
analyst_revision_score_sum,analyst_revision,1,123,138.7,-0.00285,-0.2878,0.4553,0.003035,-0.01653,-1,-0.000226,-0.1974,False
analyst_upgrade_minus_downgrade,analyst_revision,1,123,138.7,-0.00285,-0.2878,0.4553,0.003035,-0.01653,-1,-0.000226,-0.1974,False
analyst_revision_score_sum,analyst_revision,10,122,139.5,-0.002831,-0.288,0.4672,-0.002005,-0.004802,-1,-0.003663,-1.0407,False
analyst_upgrade_minus_downgrade,analyst_revision,10,122,139.5,-0.002831,-0.288,0.4672,-0.002005,-0.004802,-1,-0.003663,-1.0407,False
analyst_revision_sum_60d,analyst_revision_rolling,5,573,1186.8,0.002722,1.7167,0.5253,0.001899,0.004092,1,0.001917,2.1958,False
analyst_upgrade_minus_downgrade_60d,analyst_revision_rolling,5,573,1186.8,0.002722,1.7167,0.5253,0.001899,0.004092,1,0.001917,2.1958,False
analyst_revision_sum_20d,analyst_revision_rolling,5,571,1186.8,0.001607,1.2059,0.5394,0.001089,0.002479,1,0.00217,2.4102,False
analyst_upgrade_minus_downgrade_20d,analyst_revision_rolling,5,571,1186.8,0.001607,1.2059,0.5394,0.001089,0.002479,1,0.00217,2.4102,False
analyst_revision_score_sum,analyst_revision,20,115,139.0,0.001378,0.131,0.5565,-0.000339,0.006242,1,0.014165,2.7764,False
analyst_upgrade_minus_downgrade,analyst_revision,20,115,139.0,0.001378,0.131,0.5565,-0.000339,0.006242,1,0.014165,2.7764,False
analyst_revision_sum_20d,analyst_revision_rolling,1,575,1187.3,0.001251,0.9109,0.5183,0.000971,0.001714,1,0.000412,1.0623,False
analyst_upgrade_minus_downgrade_20d,analyst_revision_rolling,1,575,1187.3,0.001251,0.9109,0.5183,0.000971,0.001714,1,0.000412,1.0623,False
analyst_rating_score_mean,analyst_revision,5,364,88.5,-0.000967,-0.1344,0.5247,0.000791,-0.004587,-1,0.000643,0.4445,False
analyst_revision_sum_60d,analyst_revision_rolling,1,577,1187.3,0.000814,0.5211,0.5026,0.000589,0.001182,1,0.000348,0.9557,False
analyst_upgrade_minus_downgrade_60d,analyst_revision_rolling,1,577,1187.3,0.000814,0.5211,0.5026,0.000589,0.001182,1,0.000348,0.9557,False
analyst_report_count_6m,analyst_consensus,1,0,0.0,,,,,,1,,,False
analyst_report_count_6m,analyst_consensus,5,0,0.0,,,,,,1,,,False
analyst_report_count_6m,analyst_consensus,10,0,0.0,,,,,,1,,,False
analyst_report_count_6m,analyst_consensus,20,0,0.0,,,,,,1,,,False
analyst_positive_rating_ratio,analyst_consensus,1,0,0.0,,,,,,1,,,False
analyst_positive_rating_ratio,analyst_consensus,5,0,0.0,,,,,,1,,,False
analyst_positive_rating_ratio,analyst_consensus,10,0,0.0,,,,,,1,,,False
analyst_positive_rating_ratio,analyst_consensus,20,0,0.0,,,,,,1,,,False
analyst_negative_rating_ratio,analyst_consensus,1,0,0.0,,,,,,1,,,False
analyst_negative_rating_ratio,analyst_consensus,5,0,0.0,,,,,,1,,,False
analyst_negative_rating_ratio,analyst_consensus,10,0,0.0,,,,,,1,,,False
analyst_negative_rating_ratio,analyst_consensus,20,0,0.0,,,,,,1,,,False
analyst_eps_growth_26_vs_25,analyst_consensus,1,0,0.0,,,,,,1,,,False
analyst_eps_growth_26_vs_25,analyst_consensus,5,0,0.0,,,,,,1,,,False
analyst_eps_growth_26_vs_25,analyst_consensus,10,0,0.0,,,,,,1,,,False
analyst_eps_growth_26_vs_25,analyst_consensus,20,0,0.0,,,,,,1,,,False
analyst_eps_growth_27_vs_26,analyst_consensus,1,0,0.0,,,,,,1,,,False
analyst_eps_growth_27_vs_26,analyst_consensus,5,0,0.0,,,,,,1,,,False
analyst_eps_growth_27_vs_26,analyst_consensus,10,0,0.0,,,,,,1,,,False
analyst_eps_growth_27_vs_26,analyst_consensus,20,0,0.0,,,,,,1,,,False
analyst_downgrade_count,analyst_revision,1,0,0.0,,,,,,1,,,False
analyst_downgrade_count,analyst_revision,5,0,0.0,,,,,,1,,,False
analyst_downgrade_count,analyst_revision,10,0,0.0,,,,,,1,,,False
analyst_downgrade_count,analyst_revision,20,0,0.0,,,,,,1,,,False
northbound_hold_pct,northbound,1,0,0.0,,,,,,1,,,False
northbound_hold_pct,northbound,5,0,0.0,,,,,,1,,,False
northbound_hold_pct,northbound,10,0,0.0,,,,,,1,,,False
northbound_hold_pct,northbound,20,0,0.0,,,,,,1,,,False
northbound_net_buy_amount,northbound,1,0,0.0,,,,,,1,,,False
northbound_net_buy_amount,northbound,5,0,0.0,,,,,,1,,,False
northbound_net_buy_amount,northbound,10,0,0.0,,,,,,1,,,False
northbound_net_buy_amount,northbound,20,0,0.0,,,,,,1,,,False
northbound_hold_pct_change_5d,northbound,1,0,0.0,,,,,,1,,,False
northbound_hold_pct_change_5d,northbound,5,0,0.0,,,,,,1,,,False
northbound_hold_pct_change_5d,northbound,10,0,0.0,,,,,,1,,,False
northbound_hold_pct_change_5d,northbound,20,0,0.0,,,,,,1,,,False
fund_flow_net_3d,fund_flow,1,0,0.0,,,,,,1,,,False
fund_flow_net_3d,fund_flow,5,0,0.0,,,,,,1,,,False
fund_flow_net_3d,fund_flow,10,0,0.0,,,,,,1,,,False
fund_flow_net_3d,fund_flow,20,0,0.0,,,,,,1,,,False
fund_flow_turnover_3d,fund_flow,1,0,0.0,,,,,,1,,,False
fund_flow_turnover_3d,fund_flow,5,0,0.0,,,,,,1,,,False
fund_flow_turnover_3d,fund_flow,10,0,0.0,,,,,,1,,,False
fund_flow_turnover_3d,fund_flow,20,0,0.0,,,,,,1,,,False
fund_flow_return_3d,fund_flow,1,0,0.0,,,,,,1,,,False
fund_flow_return_3d,fund_flow,5,0,0.0,,,,,,1,,,False
fund_flow_return_3d,fund_flow,10,0,0.0,,,,,,1,,,False
fund_flow_return_3d,fund_flow,20,0,0.0,,,,,,1,,,False
fund_flow_net_5d,fund_flow,1,0,0.0,,,,,,1,,,False
fund_flow_net_5d,fund_flow,5,0,0.0,,,,,,1,,,False
fund_flow_net_5d,fund_flow,10,0,0.0,,,,,,1,,,False
fund_flow_net_5d,fund_flow,20,0,0.0,,,,,,1,,,False
fund_flow_turnover_5d,fund_flow,1,0,0.0,,,,,,1,,,False
fund_flow_turnover_5d,fund_flow,5,0,0.0,,,,,,1,,,False
fund_flow_turnover_5d,fund_flow,10,0,0.0,,,,,,1,,,False
fund_flow_turnover_5d,fund_flow,20,0,0.0,,,,,,1,,,False
fund_flow_return_5d,fund_flow,1,0,0.0,,,,,,1,,,False
fund_flow_return_5d,fund_flow,5,0,0.0,,,,,,1,,,False
fund_flow_return_5d,fund_flow,10,0,0.0,,,,,,1,,,False
fund_flow_return_5d,fund_flow,20,0,0.0,,,,,,1,,,False
big_deal_count,order_flow,1,0,0.0,,,,,,1,,,False
big_deal_count,order_flow,5,0,0.0,,,,,,1,,,False
big_deal_count,order_flow,10,0,0.0,,,,,,1,,,False
big_deal_count,order_flow,20,0,0.0,,,,,,1,,,False
big_deal_amount,order_flow,1,0,0.0,,,,,,1,,,False
big_deal_amount,order_flow,5,0,0.0,,,,,,1,,,False
big_deal_amount,order_flow,10,0,0.0,,,,,,1,,,False
big_deal_amount,order_flow,20,0,0.0,,,,,,1,,,False
big_deal_buy_sell_imbalance,order_flow,1,0,0.0,,,,,,1,,,False
big_deal_buy_sell_imbalance,order_flow,5,0,0.0,,,,,,1,,,False
big_deal_buy_sell_imbalance,order_flow,10,0,0.0,,,,,,1,,,False
big_deal_buy_sell_imbalance,order_flow,20,0,0.0,,,,,,1,,,False
margin_financing_balance,margin_short,1,0,0.0,,,,,,1,,,False
margin_financing_balance,margin_short,5,0,0.0,,,,,,1,,,False
margin_financing_balance,margin_short,10,0,0.0,,,,,,1,,,False
margin_financing_balance,margin_short,20,0,0.0,,,,,,1,,,False
margin_financing_buy,margin_short,1,0,0.0,,,,,,1,,,False
margin_financing_buy,margin_short,5,0,0.0,,,,,,1,,,False
margin_financing_buy,margin_short,10,0,0.0,,,,,,1,,,False
margin_financing_buy,margin_short,20,0,0.0,,,,,,1,,,False
margin_short_sell_volume,margin_short,1,0,0.0,,,,,,1,,,False
margin_short_sell_volume,margin_short,5,0,0.0,,,,,,1,,,False
margin_short_sell_volume,margin_short,10,0,0.0,,,,,,1,,,False
margin_short_sell_volume,margin_short,20,0,0.0,,,,,,1,,,False
margin_short_balance_volume,margin_short,1,0,0.0,,,,,,1,,,False
margin_short_balance_volume,margin_short,5,0,0.0,,,,,,1,,,False
margin_short_balance_volume,margin_short,10,0,0.0,,,,,,1,,,False
margin_short_balance_volume,margin_short,20,0,0.0,,,,,,1,,,False
intraday_reversal_alpha,intraday_microstructure,1,0,0.0,,,,,,1,,,False
intraday_reversal_alpha,intraday_microstructure,5,0,0.0,,,,,,1,,,False
intraday_reversal_alpha,intraday_microstructure,10,0,0.0,,,,,,1,,,False
intraday_reversal_alpha,intraday_microstructure,20,0,0.0,,,,,,1,,,False
realized_vol_5m,intraday_microstructure,1,0,0.0,,,,,,1,,,False
realized_vol_5m,intraday_microstructure,5,0,0.0,,,,,,1,,,False
realized_vol_5m,intraday_microstructure,10,0,0.0,,,,,,1,,,False
realized_vol_5m,intraday_microstructure,20,0,0.0,,,,,,1,,,False
amihud_5m,intraday_microstructure,1,0,0.0,,,,,,1,,,False
amihud_5m,intraday_microstructure,5,0,0.0,,,,,,1,,,False
amihud_5m,intraday_microstructure,10,0,0.0,,,,,,1,,,False
amihud_5m,intraday_microstructure,20,0,0.0,,,,,,1,,,False
close_vs_vwap,intraday_microstructure,1,0,0.0,,,,,,1,,,False
close_vs_vwap,intraday_microstructure,5,0,0.0,,,,,,1,,,False
close_vs_vwap,intraday_microstructure,10,0,0.0,,,,,,1,,,False
close_vs_vwap,intraday_microstructure,20,0,0.0,,,,,,1,,,False
range_position,intraday_microstructure,1,0,0.0,,,,,,1,,,False
range_position,intraday_microstructure,5,0,0.0,,,,,,1,,,False
range_position,intraday_microstructure,10,0,0.0,,,,,,1,,,False
range_position,intraday_microstructure,20,0,0.0,,,,,,1,,,False
first_hour_volume_share,intraday_microstructure,1,0,0.0,,,,,,1,,,False
first_hour_volume_share,intraday_microstructure,5,0,0.0,,,,,,1,,,False
first_hour_volume_share,intraday_microstructure,10,0,0.0,,,,,,1,,,False
first_hour_volume_share,intraday_microstructure,20,0,0.0,,,,,,1,,,False
last_hour_volume_share,intraday_microstructure,1,0,0.0,,,,,,1,,,False
last_hour_volume_share,intraday_microstructure,5,0,0.0,,,,,,1,,,False
last_hour_volume_share,intraday_microstructure,10,0,0.0,,,,,,1,,,False
last_hour_volume_share,intraday_microstructure,20,0,0.0,,,,,,1,,,False
